name_en,name_jp,granblue_id,rarity,flb,max_level,element,gender,race1,race2,min_hp,min_atk,max_hp,max_atk,max_hp_flb,max_atk_flb,base_da,base_ta,ougi_ratio,ougi_ratio_flb
Anre,ウーノ,3040030000,3,true,100,3,1,4,null,311,1411,1911,8911,2311,10411,7,3,4.5,5.0
Tweyen,ソーン,3040031000,3,true,100,6,2,1,null,292,1522,1822,9522,2222,11222,4,1,4.5,5.0
Threo,サラーサ,3040032000,3,true,100,4,2,3,null,253,1883,1533,11333,1833,13333,5,2,4.5,5.0
Feower,カトル,3040033000,3,true,100,3,1,2,null,214,1484,1344,8844,1644,10344,10,5,4.5,5.0
Fif,フュンフ,3040034000,3,true,100,6,2,4,null,295,1255,1855,8055,2255,9355,4,1,4.5,5.0
Seox,シス,3040035000,3,true,100,5,1,2,null,266,1666,1666,6666,1966,8666,1000,0,4.5,5.0
Seofon,シエテ,3040036000,3,true,100,1,1,1,null,237,1777,1477,10777,1777,12777,10,5,4.5,5.0
Eahta,オクトー,3040037000,3,true,100,4,1,3,null,308,1788,1788,10788,2088,12888,5,2,4.5,5.0
Niyon,ニオ,3040038000,3,true,100,1,2,4,null,219,1739,1299,10399,1599,12199,4,1,4.5,5.0
Tien,エッセル,3040039000,3,true,100,2,2,2,null,260,1400,1600,8200,2000,10000,10,5,4.5,5.0
Maria Theresa,マリア・テレサ,3040160000,3,false,80,3,2,3,null,200,1500,1511,11403,,,7,3,4.5,
Fraux,フラウ,3040161000,3,false,80,2,2,2,null,215,1608,1315,9808,,,10,5,4.5,
Geisenborger,ガイゼンボーガ,3040162000,3,false,80,6,1,3,null,200,1500,1517,11407,,,10,5,4.5,
Estarriola,エスタリオラ,3040163000,3,false,80,1,1,4,null,200,1500,1314,10409,,,7,3,4.5,
Caim,カイム,3040164000,3,false,80,4,1,1,null,200,1500,1412,10000,,,7,3,4.5,
Lobelia,ロベリア,3040165000,3,false,80,4,1,1,null,200,1500,1416,10901,,,7,3,4.5,
Katzelia,カッツェリーラ,3040166000,3,false,80,1,1,4,null,200,1500,1720,7604,,,7,3,4.5,
Alanaan,アラナン,3040167000,3,false,80,2,1,2,null,219,1605,1319,9705,,,10,5,4.5,
Haaselia,ハーゼリーラ,3040168000,3,false,80,3,2,4,null,200,1500,1318,10402,,,7,3,4.5,
Nier,ニーア,3040169000,3,false,80,5,2,2,null,200,1500,1313,8906,,,7,3,4.5,
Juliet (Water),ジュリエット(水属性ver),3040293000,3,false,80,3,2,1,null,290,1550,1440,8800,,,7,3,4.5,
Mimlemel (Summer),ミムルメモル(水着ver),3040292000,3,false,80,2,2,4,null,215,1735,1150,9240,,,7,3,12.5,
Silva (Summer),シルヴァ(水着ver),3040291000,3,false,80,4,2,1,null,240,1800,1280,9600,,,7,3,4.5,
Albert (Summer),アルベール(水着ver),3040290000,3,false,80,1,1,1,null,210,1950,1210,9950,,,7,3,4.5,
Rosamia (Yukata),ロザミア(浴衣ver),3040289000,3,false,80,6,2,1,null,295,1525,1595,8025,,,7,3,4.5,
Anila (Summer),アニラ(水着ver),3040288000,3,false,80,1,2,3,null,260,1740,1400,8990,,,7,3,4.5,
Amira (Summer),アーミラ(水着ver),3040287000,3,false,80,5,2,0,null,370,1210,1960,6750,,,7,3,12.5,
Lucio (Summer),ルシオ(水着ver),3040286000,3,false,80,3,1,0,null,250,1480,1700,7800,,,7,3,4.5,
Leona (Grand),レオナ(リミテッドver),3040285000,3,false,80,4,2,1,null,180,2100,990,11050,,,7,3,4.5,
Abby,アビー(SSR),3040284000,3,false,80,2,2,1,null,190,2100,1100,10500,,,7,3,4.5,
Kolulu (Summer),コルル(水着ver),3040283000,3,false,80,3,2,1,null,250,1600,1160,10050,,,7,3,4.5,
Pengy (SSR),ペンギー(SSR),3040282000,3,false,80,4,2,1,null,240,1650,1280,8800,,,7,3,4.5,
Naoise,ノイシュ(風属性ver),3040281000,3,false,80,1,1,1,null,220,1750,1260,8900,,,7,3,4.5,
Satyr,サテュロス,3040280000,3,false,80,2,2,5,null,390,1220,2110,6780,,,7,3,4.5,
Percival (Light),パーシヴァル(光属性ver),3040279000,3,false,80,6,1,1,null,250,1850,1300,9700,,,7,3,4.5,
Predator (SSR),プレデター(SSR),3040278000,3,false,80,5,2,1,null,240,1800,1100,10500,,,1000,1000,4.5,
Illnott,イルノート,3040277000,3,false,80,2,2,1,null,240,1800,1200,10000,,,7,3,4.5,
Kaede Takagaki,高垣楓,3040276000,3,false,80,1,2,1,null,250,1614,1614,7021,,,7,3,4.5,
New Generations,渋谷凛＆島村卯月＆本田未央,3040275000,3,false,80,6,2,1,null,389,1671,1448,7913,,,1000,1000,4.5,
Reinhardtzar (Grand),ラインハルザ(リミテッドver),3040274000,3,false,80,2,1,3,null,240,2100,1360,10800,,,7,3,4.5,
Shura,シュラ,3040273000,3,false,80,3,2,1,null,280,1600,1520,8400,,,7,3,12.5,
Milleore and Sahli Lao,阿吽の破弓 ミラオル＆ザーリリャオー,3040272000,3,false,80,3,2,4,null,215,1860,1210,9940,,,7,3,4.5,
Herja (SSR),ヘリヤ(SSR),3040271000,3,false,80,4,2,1,null,385,1280,2020,6820,,,7,3,4.5,
Black Knight and Orchis,エルステの要 黒騎士&オルキス,3040270000,3,false,80,5,2,1,null,365,1325,1925,7175,,,7,3,4.5,
Drang,ドランク(火属性ver),3040269000,3,false,80,2,1,2,null,220,1490,1200,7720,,,7,3,4.5,
Sturm,スツルム(水属性ver),3040268000,3,false,80,3,2,3,null,260,1890,1350,10080,,,7,3,4.5,
Mugen,ムゲン,3040267000,3,false,80,2,1,3,null,221,2100,1221,11171,,,7,3,4.5,
Teena (Summer),ティナ(水着ver),3040266000,3,false,80,2,2,1,null,230,1920,1230,9750,,,7,3,4.5,
Rei,レイ(リミテッドver),3040265000,3,false,80,5,2,4,null,220,1740,1000,10000,,,7,3,0,
Vania and Malinda,飛竜と吸血姫 ヴァンピィ＆ベス,3040264000,3,false,80,3,2,0,null,240,1650,1240,9000,,,7,3,12.5,
Lecia (Water),リーシャ(水属性ver),3040263000,3,false,80,3,2,1,null,240,1800,1280,9600,,,7,3,4.5,
Seox (Event),シス(イベントver),3040262000,3,false,80,5,1,2,null,202,1512,1080,8100,,,7,3,4.5,
Grimnir (Valentine),グリームニル(バレンタインver),3040261000,3,false,80,1,1,5,null,240,1850,1214,9900,,,1000,1000,0,
Scathacha (Valentine),スカーサハ(バレンタインver),3040260000,3,false,80,2,2,2,null,300,1080,1590,5760,,,7,3,4.5,
Yodarha (Wind),ヨダルラーハ(風属性ver),3040259000,3,false,80,1,1,4,null,216,1890,1142,10130,,,7,3,4.5,
Ilsa (Light),イルザ(光属性ver),3040258000,3,false,80,6,2,2,null,327,1200,1738,6430,,,7,3,4.5,
Jin,ジン(SSR),3040257000,3,false,80,4,1,1,null,220,1900,1180,10100,,,7,3,4.5,
Danua (SSR),ダヌア(光属性ver),3040256000,3,false,80,6,2,3,null,260,1840,1380,9820,,,7,3,4.5,
Noa (Grand),ノア(リミテッドver),3040255000,3,false,80,6,1,5,null,240,1650,1100,9700,,,7,3,4.5,
Lucius (SSR),ルシウス(SSR),3040254000,3,false,80,5,1,1,null,230,1880,1285,9800,,,7,3,4.5,
Yuisis (Fire),ユイシス(火属性ver),3040253000,3,false,80,2,2,2,null,176,1820,952,9640,,,7,3,4.5,
Vikala,ビカラ,3040252000,3,false,80,5,2,1,null,377,1118,1500,8500,,,7,3,5,
Helel ben Shalem,ヘレル・ベン・シャレム(リミテッドver),3040251000,3,false,80,5,2,0,null,236,1670,1270,8880,,,7,3,4.5,
Seruel (Holiday),セルエル(クリスマスver),3040250000,3,false,80,1,1,2,null,330,1220,1725,6505,,,7,3,4.5,
Narmaya (Holiday),ナルメア(クリスマスver),3040249000,3,false,80,4,2,3,null,240,1985,1185,10885,,,7,3,4.5,
Gachapin,ガチャピン,3040248000,3,false,80,1,1,0,null,302,1488,1421,8888,,,7,3,4.5,
Magisa (Holiday),マギサ(クリスマスver),3040247000,3,false,80,4,2,1,null,280,1620,1500,8600,,,7,3,4.5,
Meteon (Holiday),ミュオン(クリスマスver),3040246000,3,false,80,1,1,1,null,205,1850,1200,9900,,,0,1000,12.5,
Jeanne d'Arc (Grand),ジャンヌダルク(リミテッドver),3040245000,3,false,80,6,2,1,null,290,1650,1580,8400,,,7,3,4.5,
Shitori,シトリ,3040244000,3,false,80,6,2,1,null,300,1500,1650,7750,,,7,3,4.5,
Vira (Promo),ヴィーラ(火属性ver),3040243000,3,false,80,2,2,1,null,245,1625,1300,8700,,,7,3,4.5,
Kou,コウ,3040242000,3,false,80,5,1,2,null,240,1389,1389,6815,,,7,3,4.5,
Societte (Wind),ソシエ(風属性ver),3040241000,3,false,80,1,2,2,null,300,1080,1590,5760,,,7,3,4.5,
Hallessena (Halloween),ハレゼナ(ハロウィンver),3040240000,3,false,80,6,2,3,null,205,1990,1090,10800,,,1000,1000,4.5,
Zeta and Vaseraga (Halloween),真紅と冥闇 ゼタ＆バザラガ(ハロウィンver),3040239000,3,false,80,4,3,1,3,290,980,1520,5200,,,1000,3,4.5,
Monika (Grand),モニカ(リミテッドver),3040238000,3,false,80,1,2,1,null,300,1500,1400,9000,,,7,3,4.5,
Siegfried (Fire),ジークフリート(火属性ver),3040237000,3,false,80,2,1,1,null,240,1650,1200,9200,,,7,3,4.5,
Sara (Light),サラ(光属性ver),3040236000,3,false,80,6,2,1,null,360,1350,1840,7600,,,7,3,4.5,
Colossus,コロッサス,3040235000,3,false,80,2,0,5,null,180,2100,930,11410,,,7,3,4.5,
Tabina,タヴィーナ,3040234000,3,false,80,2,2,1,null,245,1780,1300,9550,,,7,3,4.5,
Stan and Aliza,勇者と姫君 スタン＆アリーザ,3040233000,3,false,80,1,3,2,3,220,970,1290,5020,,,1000,3,4.5,
Alexiel (Summer),ブローディア(水着ver),3040232000,3,false,80,4,2,5,null,230,1690,1240,9000,,,7,3,4.5,
μ's Third-Years,絢瀬絵里＆矢澤にこ＆東條 希,3040231000,3,true,100,5,2,1,null,360,1350,2219,6233,2219,6233,7,3,4.5,
μ's Second-Years,園田海未＆高坂穂乃果＆南ことり,3040230000,3,false,80,6,2,1,null,300,1500,1630,8022,,,7,3,4.5,
μ's First-Years,星空 凛＆小泉花陽＆西木野真姫,3040229000,3,false,80,1,2,1,null,330,1200,1641,7211,,,7,3,4.5,
Anthuria (Yukata),アンスリア(浴衣ver),3040228000,3,false,80,5,2,2,null,310,1150,1480,7000,,,7,3,4.5,
Jessica (Yukata),ジェシカ(浴衣ver),3040227000,3,false,80,4,2,1,null,370,1000,1860,5900,,,7,3,4.5,
Europa (Summer),エウロペ(水着ver),3040226000,3,false,80,3,2,5,null,260,1700,1380,9100,,,7,3,4.5,
Cagliostro (Summer),カリオストロ(水着ver),3040225000,3,false,80,3,2,1,null,330,1200,1760,6400,,,7,3,4.5,
Sandalphon (Summer),サンダルフォン(水着ver),3040224000,3,false,80,3,1,5,null,300,1500,1500,8500,,,7,3,4.5,
Halluel and Malluel (Summer),ハールート・マールート(水着ver),3040223000,3,false,80,6,2,5,null,300,750,1600,4000,,,1000,3,4.5,
Kolulu,コルル,3040222000,3,false,80,5,2,1,null,240,1650,1190,11100,,,7,3,4.5,
Kallen Kouzuki,紅月カレン,3040221000,3,false,80,2,2,1,null,290,1570,1550,8315,,,10,5,4.5,
Suzaku Kururugi,枢木スザク,3040220000,3,false,80,1,1,1,null,220,1680,1200,8710,,,7,3,4.5,
Lelouch Lamperouge,ルルーシュ・ランペルージ,3040219000,3,false,80,5,1,1,null,320,1100,1800,6125,,,7,3,4.5,
Morrigna,バイヴカハ,3040218000,3,false,80,1,2,5,null,250,1600,1300,8700,,,7,3,4.5,
Ladiva (SSR),ファスティバ(SSR),3040217000,3,false,80,4,0,3,null,276,1810,1366,10000,,,7,3,4.5,
Karyl,キャル,3040216000,3,false,80,5,2,0,null,210,1650,1200,8950,,,7,3,4.5,
Baal,バアル,3040215000,3,false,80,4,1,5,null,270,1650,1540,8320,,,7,3,4.5,
Medusa,メドゥーサ(ガチャver),3040214000,3,false,80,4,2,5,null,280,1600,1560,8200,,,7,3,4.5,
Macula Marius,マキュラ・マリウス,3040213000,3,false,80,3,2,5,null,200,1590,1140,8020,,,7,3,4.5,
Grimnir,グリームニル,3040212000,3,false,80,1,1,5,null,340,1300,1640,7800,,,7,3,4.5,
Vira (Wind),ヴィーラ(風属性ver),3040211000,3,false,80,1,2,1,null,200,2000,1250,9750,,,7,3,4.5,
Yuel (Summer),ユエル(水着ver),3040210000,3,false,80,1,2,2,null,310,1375,1620,7440,,,12,3,4.5,
Ferry (Grand),フェリ(リミテッドver),3040209000,3,false,80,5,2,2,null,285,1320,1550,7100,,,7,3,4.5,
Heles (Wind),ヘルエス(風属性ver),3040208000,3,false,80,1,2,2,null,225,1600,1170,8600,,,10,5,4.5,
Melissabelle (Valentine),メリッサベル(バレンタインver),3040207000,3,false,80,6,2,4,null,330,1420,1400,9210,,,10,5,4.5,
Clarisse (Valentine),クラリス(バレンタインver),3040206000,3,false,80,5,2,1,null,240,1780,1214,9130,,,7,3,4.5,
Sen (SSR),セン(SSR),3040204000,3,false,80,1,2,2,null,214,1650,1140,8700,,,7,3,4.5,
Dante and Freiheit,ダーント＆フライハイト,3040205000,3,false,80,4,1,1,null,210,1950,1250,9750,,,10,5,4.5,
Tanya (SSR),ターニャ(SSR),3040203000,3,false,80,5,2,1,null,240,1650,1280,8800,,,7,3,4.5,
Athena,アテナ,3040202000,3,false,80,2,2,5,null,370,1300,1960,7000,,,7,3,4.5,
Eustace (Dark),ユーステス(闇属性ver),3040198000,3,false,80,5,1,2,null,230,1600,1200,8600,,,13,5.5,4.5,
Kumbhira,クビラ,3040197000,3,false,80,6,2,3,null,260,2000,1400,10600,,,7,3,5,
Shiva,シヴァ,3040196000,3,false,80,2,1,5,null,224,2280,1240,11400,,,7,3,4.5,
Metera (Holiday),メーテラ(クリスマスver),3040195000,3,false,80,6,2,2,null,268,1360,1418,7310,,,10,5,4.5,
Kokkoro,コッコロ,3040201000,3,false,80,1,2,0,null,250,1430,1450,7700,,,12,3,0,
Pecorine,ペコリーヌ,3040200000,3,false,80,6,2,1,null,350,1120,2000,6150,,,7,3,4.5,
Yurius,ユリウス,3040199000,3,false,80,1,1,1,null,220,1750,1260,8900,,,7,3,4.5,
Charlotta (Light),シャルロッテ(光属性ver),3040194000,3,false,80,6,2,4,null,200,2000,1110,10350,,,7,3,4.5,
Levin Sisters,レヴィオン姉妹 マイム＆ミイム＆メイム,3040193000,3,false,80,6,2,1,null,250,800,1320,4300,,,1000,3,4.5,
Aglovale,アグロヴァル,3040192000,3,false,80,3,1,1,null,230,1870,1220,10030,,,7,3,4.5,
Lancelot and Vane,白竜の双騎士 ランスロット＆ヴェイン,3040191000,3,false,80,2,1,1,null,260,955,1400,4600,,,1000,3,4.5,
Europa,エウロペ,3040190000,3,false,80,3,2,5,null,372,1290,2000,6800,,,4,1,4.5,
Lady Grey (Halloween),レディ・グレイ(ハロウィンver),3040189000,3,false,80,5,2,1,null,280,1600,1460,8700,,,7,3,4.5,
Cure Black and Cure White,プリキュア,3040188000,3,false,80,6,2,1,null,201,1010,1300,4400,,,1000,3,4.5,
Silva (Light),シルヴァ(光属性ver),3040187000,3,false,80,6,2,1,null,250,1900,1240,9800,,,10,5,4.5,
Monika,モニカ,3040186000,3,false,80,1,2,1,null,240,1800,1472,8640,,,7,3,4.5,
Aqours Third-Years,松浦果南＆黒澤ダイヤ＆小原鞠莉,3040185000,3,false,80,2,2,1,null,400,1120,2000,6800,,,7,3,4.5,
Aqours First-Years,津島善子＆国木田花丸＆黒澤ルビィ,3040184000,3,false,80,4,2,1,null,400,1100,1910,6100,,,4,1,4.5,
Aqours Second-Years,桜内梨子＆高海千歌＆渡辺 曜,3040183000,3,true,100,3,2,1,null,200,1810,1000,9660,1700,10500,10,5,5,
Freezie,フーちゃん,3040182000,3,false,80,5,2,2,null,215,1490,1080,8120,,,7,3,4.5,
Pholia,フォリア(リミテッドver),3040181000,3,false,80,3,2,2,null,222,1499,1160,7899,,,7,3,4.5,
Tsubasa,ツバサ,3040180000,3,false,80,2,1,1,null,220,1982,1100,10500,,,7,3,4.5,
Grea (Summer),グレア(水着ver),3040179000,3,false,80,3,2,0,null,220,1900,1160,10050,,,10,5,4.5,
Naoise (Summer),ノイシュ(水着ver),3040178000,3,false,80,6,1,1,null,380,1370,2000,7160,,,7,3,4.5,
Ilsa (Summer),イルザ(水着ver),3040177000,3,false,80,2,2,2,null,220,1620,1160,8640,,,7,3,4.5,
Rosetta (Summer),ロゼッタ(水着ver),3040176000,3,false,80,4,2,5,null,260,1550,1340,8500,,,7,3,4.5,
Selfira,セレフィラ(SSR),3040175000,3,false,80,1,2,2,null,340,1700,1160,7880,,,7,3,4.5,
Wulf and Renie,ウーフとレニー,3040174000,3,false,80,5,3,0,null,340,1700,1480,8600,,,1000,1000,4.5,
Joker,ジョーカー,3040173000,3,false,80,5,1,1,null,250,1600,1300,8700,,,7,3,4.5,
Lunalu (SSR),ルナール(SSR),3040172000,3,false,80,5,2,4,null,220,1740,1160,9240,,,7,3,4.5,
Cain (Grand),カイン(リミテッドver),3040171000,3,false,80,4,1,1,null,250,1700,1250,8950,,,7,3,4.5,
Soriz (SSR),ソリッズ(SSR),3040170000,3,true,100,4,1,1,null,250,1860,1300,10200,1550,12060,7,3,5,
Cucouroux (SSR),ククル(SSR),3040159000,3,false,80,3,2,1,null,300,1500,1500,8500,,,7,3,4.5,
Alexiel,ブローディア,3040158000,3,false,80,4,2,5,null,368,1310,1960,7000,,,7,3,4.5,
Conan Edogawa,江戸川コナン,3040157000,3,false,80,6,1,1,null,210,1100,1400,7500,,,7,3,4.5,
Nicholas (SSR),シロウ(SSR),3040156000,3,false,80,5,1,1,null,350,1400,1850,7550,,,7,3,4.5,
Robomi (SSR),ロボミ(SSR),3040155000,3,false,80,6,2,0,null,232,1875,1260,9700,,,7,3,12.5,
Jeanne d'Arc (Summer),ジャンヌダルク(水着ver),3040154000,3,false,80,1,2,1,null,330,1350,1780,7100,,,10,5,4.5,
Sandalphon (Event),サンダルフォン,3040153000,3,true,100,6,1,5,null,310,1450,1660,7700,1970,9150,7,3,5,
Tiamat,ティアマト,3040152000,3,true,100,1,2,5,null,240,1500,1700,7300,1940,8800,7,3,5,
Medusa (Valentine),メドゥーサ(バレンタインver),3040151000,3,false,80,4,2,5,null,260,1700,1500,8500,,,7,3,4.5,
Zooey,ゾーイ(ガチャver),3040150000,3,false,80,6,2,5,null,270,1650,1460,8700,,,7,3,4.5,
Therese (SSR),テレーズ(SSR),3040149000,3,false,80,2,2,1,null,220,1900,1240,9800,,,10,5,4.5,
Ilsa,イルザ,3040148000,3,false,80,4,2,2,null,230,1600,1200,8500,,,7,3,4.5,
Vajra,ヴァジラ,3040147000,3,false,80,3,2,2,null,200,1700,1140,8720,,,10,5,5,
Vaseraga (Earth),バザラガ(土属性ver),3040146000,3,false,80,4,1,3,null,260,1890,1340,10130,,,7,3,4.5,
Olivia,オリヴィエ,3040145000,3,false,80,5,2,5,null,260,1550,1480,7800,,,7,3,4.5,
Charioce XVII,シャリオス17世,3040144000,3,false,80,2,1,1,null,240,1800,1700,7400,,,7,3,12.5,
Mary (Holiday),マリー(クリスマスver),3040143000,3,false,80,6,2,1,null,307,1490,1630,7900,,,7,3,4.5,
Levi,リヴァイ,3040142000,3,false,80,1,1,1,null,205,1940,1240,9760,,,0,100,4.5,
Vira (Grand),ヴィーラ(リミテッドver),3040141000,3,false,80,6,2,5,null,390,1330,1950,7200,,,7,3,4.5,
Lancelot (Wind),ランスロット(風属性ver),3040140000,3,false,80,1,1,1,null,255,1730,1350,9400,,,7,3,4.5,
Yuel (Water),ユエル(水属性ver),3040138000,3,false,80,3,2,2,null,215,1590,1140,8500,,,10,5,4.5,
Azazel,アザゼル,3040137000,3,false,80,5,1,5,null,275,1890,1380,9990,,,10,5,4.5,
Sakura Kinomoto,木之本桜,3040136000,3,false,80,6,2,1,null,300,1200,1660,6730,,,7,3,0,
Danua (Halloween),ダヌア(ハロウィンver),3040135000,3,false,80,2,2,3,null,320,1530,1550,8610,,,4,1,4.5,
Dorothy and Claudia,サーヴァンツ ドロシー＆クラウディア,3040134000,3,false,80,6,2,1,null,265,1750,1400,9300,,,7,3,4.5,
Nina Drango,ニーナ・ドランゴ,3040133000,3,false,80,2,2,0,null,178,1480,972,7720,,,10,5,4.5,
Anne,アン,3040132000,3,false,80,3,2,1,null,315,1425,1615,7925,,,7,3,4.5,
Mikazuki Munechika,三日月宗近,3040131000,3,false,80,6,1,0,null,270,1350,1490,7580,,,7,3,4.5,
Grea,グレア,3040130000,3,false,80,2,2,0,null,210,1950,1150,10100,,,10,5,4.5,
Diantha (Summer),ディアンサ(水着ver),3040129000,3,false,80,3,2,1,null,245,1625,1420,8100,,,7,3,0,
Siegfried (Yukata),ジークフリート(浴衣ver),3040128000,3,false,80,1,1,1,null,250,1750,1330,9500,,,10,5,4.5,
Korwa (Summer),コルワ(水着ver),3040127000,3,false,80,1,2,2,null,285,1300,1550,6850,,,4,1,0,
Izmir (Summer),イシュミール(水着ver),3040126000,3,false,80,3,2,3,null,250,2000,1350,10100,,,7,3,4.5,
Yggdrasil,ユグドラシル,3040125000,3,false,80,4,2,5,null,320,1200,1900,6300,,,7,3,4.5,
Medusa (Promo),メドゥーサ,3040123000,3,false,80,4,2,5,null,190,1820,1010,9200,,,7,3,4.5,
Baotorda (SSR),バウタオーダ(SSR),3040124000,3,false,80,6,1,3,null,398,1430,2300,7420,,,4,1,4.5,
Scathacha,スカーサハ,3040122000,3,true,100,1,2,2,null,310,1710,1610,7150,1900,8500,10,5,5,
Clarisse (Light),クラリス(光属性ver),3040121000,3,false,80,6,2,1,null,236,1780,1300,9500,,,7,3,4.5,
Cagliostro (Dark),カリオストロ(闇属性ver),3040120000,3,false,80,5,2,1,null,330,1200,1805,6370,,,4,1,4.5,
Drang (Grand),ドランク,3040119000,3,false,80,3,1,2,null,230,1470,1250,7510,,,7,3,4.5,
Katalina (Dark),カタリナ(闇属性ver),3040118000,3,false,80,5,2,1,null,295,1390,1540,7330,,,7,3,4.5,
Vane (SSR),ヴェイン(SSR),3040117000,3,true,100,3,1,1,null,420,1230,2180,6960,2600,8190,7,3,5,
Lady Katapillar and Vira,キャタピラとヴィーラ,3040116000,3,false,80,3,2,0,null,270,1600,1300,8700,,,7,3,4.5,
Sturm (Grand),スツルム,3040115000,3,false,80,2,2,3,null,220,2090,1100,11100,,,10,5,4.5,
De La Fille (Earth),レ・フィーエ(土属性ver),3040113000,3,false,80,4,2,1,null,430,980,1910,5800,,,4,1,4.5,
Zeta (Dark),ゼタ(闇属性ver),3040112000,3,false,80,5,2,1,null,220,1850,1020,10400,,,10,5,4.5,
Orchis (Grand),オーキス(リミテッドver),3040111000,3,false,80,5,2,0,null,300,1550,1650,7300,,,7,3,4.5,
Beatrix (Summer),ベアトリクス(水着ver),3040110000,3,false,80,2,2,1,null,190,11000,990,11000,,,7,3,4.5,
Razia,ラスティナ,3040109000,3,false,80,4,2,3,null,386,1390,2150,7100,,,7,3,4.5,
Marquiares,マルキアレス,3040108000,3,false,80,5,1,4,null,210,1790,1150,9290,,,7,3,4.5,
Mahira,マキラ,3040107000,3,true,100,4,2,4,null,220,1550,1260,8900,1770,10160,7,3,5.5,
Lucio (Grand),ルシオ(リミテッドver),3040106000,3,false,80,6,1,0,null,310,1450,1660,7700,,,10,5,4.5,
Yuisis,ユイシス,3040105000,3,false,80,1,2,2,null,230,1500,1300,8000,,,7,3,4.5,
Arulumaya (Christmas),アルルメイヤ(クリスマスver),3040104000,3,false,80,3,2,4,null,270,1650,1410,8800,,,7,3,4.5,
Anthuria,アンスリア,3040103000,3,false,80,2,2,2,null,210,1540,1150,7970,,,7,3,4.5,
Melissabelle,メリッサベル,3040102000,3,false,80,1,2,4,null,220,1890,1060,10100,,,10,5,4.5,
Lecia (Grand),リーシャ(リミテッドver),3040101000,3,false,80,1,2,1,null,300,1260,1900,8500,,,7,3,4.5,
Izmir,イシュミール,3040100000,3,true,100,3,2,3,null,270,1840,1370,9980,1640,11820,10,5,4.5,
Eustace (Halloween),ユーステス(ハロウィンver),3040099000,3,false,80,4,1,2,null,205,1670,1100,8900,,,10,5,4.5,
Romeo,ロミオ,3040098000,3,true,100,3,1,1,null,270,1620,1500,8500,1770,10120,7,3,5,
Juliet,ジュリエット,3040096000,3,false,80,6,2,1,null,360,1350,1920,7200,,,7,3,4.5,
Societte (Fire),ソシエ(火属性ver),3040095000,3,false,80,2,2,2,null,320,1195,1730,6470,,,7,3,4.5,
Veight,ヴァイト,3040094000,3,false,80,5,1,0,null,250,1700,1300,9500,,,7,3,4.5,
Chat Noir,シャノワール,3040093000,3,false,80,3,1,1,null,260,1550,1300,8700,,,7,3,4.5,
Zooey (Grand),ゾーイ(リミテッドver),3040092000,3,false,80,5,2,5,null,230,1700,1180,9200,,,7,3,4.5,
Heles (Summer),ヘルエス(水着ver),3040091000,3,false,80,6,2,2,null,215,1620,1150,8640,,,10,5,4.5,
Percival (Summer),パーシヴァル(水着ver),3040090000,3,false,80,2,1,1,null,290,1710,1540,9120,,,7,3,4.5,
Narmaya (Summer),ナルメア(水着ver),3040089000,3,false,80,3,2,3,null,210,1920,1120,10240,,,7,3,4.5,
Yngwie,イングヴェイ,3040088000,3,true,100,3,1,1,null,350,1400,1860,7500,2210,8900,10,5,5,
Rosamia,ロザミア(SSR),3040087000,3,false,80,6,2,1,null,300,1500,1600,8000,,,10,5,4.5,
Forte,フォルテ,3040086000,3,false,80,5,2,3,null,255,1910,1340,10130,,,10,5,4.5,
Nemone,ネモネ,3040085000,3,false,80,4,2,2,null,210,1650,1120,8800,,,10,5,4.5,
Ayer,アイル,3040084000,3,true,100,4,1,1,null,270,1650,1440,8800,1710,10450,7,3,5,
Aliza,アリーザ(SSR),3040083000,3,false,80,2,2,3,null,260,1840,1400,9830,,,10,5,4.5,
Black Knight (Grand),黒騎士(リミテッドver),3040082000,3,true,100,5,2,1,null,280,1850,1500,10000,1780,11850,10,5,5,
Korwa,コルワ,3040081000,3,false,80,1,2,2,null,285,1300,1520,7000,,,4,1,0,
Jeanne d'Arc (Dark),ジャンヌダルク(闇),3040080000,3,false,80,5,2,1,null,225,1840,1200,9800,,,10,5,4.5,
Hallessena,ハレゼナ,3040079000,3,true,100,4,2,3,null,260,1890,1350,10080,1860,11970,7,3,5,
Zooey (Promo),ゾーイ,3040078000,3,false,80,6,2,5,null,250,1350,1350,7200,,,7,3,4.5,
Eugen (Grand),オイゲン(リミテッドver),3040077000,3,false,80,4,1,1,null,270,1850,1400,9900,,,7,3,4.5,
Aoidos,アオイドス,3040076000,3,true,100,2,1,1,null,270,1580,1440,8400,1710,9980,4,1,5,
Zahlhamelina,ザルハメリナ,3040075000,3,false,80,2,2,4,null,280,1420,1510,7560,,,4,1,4.5,
Catherine,キャサリン,3040074000,3,false,80,4,2,2,null,235,1530,1250,8170,,,10,5,4.5,
Ferry,フェリ(SSR),3040073000,3,false,80,6,2,2,null,240,1240,1420,7450,,,7,3,4.5,
Metera (Fire),メーテラ(火属性ver),3040072000,3,false,80,2,2,2,null,225,1575,1200,8400,,,10,5,4.5,
Andira,アンチラ,3040071000,3,true,100,1,2,2,null,260,1380,1400,7560,1660,8940,7,3,5.5,
Beatrix,ベアトリクス,3040070000,3,false,80,5,2,1,null,240,1730,1300,9250,,,4,1,4.5,
Eustace,ユーステス,3040069000,3,false,80,4,1,2,null,205,1670,1100,8900,,,7,3,4.5,
Rosetta (Grand),ロゼッタ(リミテッドver),3040068000,3,false,80,1,2,5,null,375,1400,2000,7500,,,7,3,4.5,
Clarisse (Christmas),クラリス(クリスマスver),3040067000,3,false,80,4,2,1,null,240,1650,1280,8800,,,7,3,4.5,
Lilele,リルル,3040066000,3,false,80,3,2,4,null,280,1540,1500,8200,,,7,3,4.5,
Io (Grand),イオ(リミテッドver),3040065000,3,true,100,6,2,1,null,330,1440,1770,7700,2100,9140,4,1,5,
Yodarha,ヨダルラーハ,3040064000,3,false,80,3,1,4,null,216,1800,1150,9580,,,7,3,4.5,
Narmaya,ナルメア,3040063000,3,true,100,5,2,3,null,210,1920,1120,10240,1330,12200,7,3,5,
Cagliostro (Halloween),カリオストロ(ハロウィンver),3040062000,3,false,80,5,2,1,null,290,1520,1550,8100,,,7,3,4.5,
Feena,フィーナ(SSR),3040061000,3,false,80,1,2,1,null,248,1760,1320,9400,,,4,1,4.5,
Heles,ヘルエス,3040060000,3,false,80,2,2,2,null,215,1620,1150,8640,,,10,5,4.5,
Rackam (Grand),ラカム(リミテッドver),3040059000,3,true,100,2,1,1,null,300,1500,1600,8000,1900,9500,10,5,5,
Arriet,アンリエット,3040058000,3,false,80,1,2,1,null,245,1630,1300,8750,,,7,3,4.5,
Vania,ヴァンピィ,3040057000,3,true,100,5,2,0,null,220,1720,1170,9160,1390,10880,7,3,5,
Zeta (Summer),ゼタ(水着ver),3040056000,3,false,80,6,2,1,null,240,1800,1280,9600,,,10,5,4.5,
Danua (Summer),ダヌア(水着ver),3040055000,3,false,80,5,2,3,null,310,1570,1590,8350,,,4,1,4.5,
Katalina (Grand),カタリナ(リミテッドver),3040054000,3,true,100,3,2,1,null,330,1350,1980,8100,2310,9450,7,3,5,
Vira (Summer),ヴィーラ(水着ver),3040053000,3,false,80,4,2,1,null,240,1530,1280,8160,,,10,5,4.5,
Ghandagoza,ガンダゴウザ,3040052000,3,true,100,2,1,3,null,260,1890,1350,10080,1610,11970,10,5,5,
Amira,アーミラ(SSR),3040051000,3,true,100,6,2,0,null,275,1620,1470,8650,1740,10270,10,5,5,
Percival,パーシヴァル,3040050000,3,true,100,2,1,1,null,290,1710,1540,9120,1830,10830,10,5,5,
Silva,シルヴァ,3040049000,3,true,100,3,2,1,null,252,1740,1350,9250,1602,10990,10,5,5,
Sarunan (Dark),サルナーン(闇属性ver),3040048000,3,false,80,5,1,2,null,250,1560,1340,8360,,,7,3,4.5,
Petra,ペトラ(SSR),3040047000,3,false,80,1,2,1,null,310,1440,1650,7680,,,7,3,4.5,
Clarisse,クラリス,3040046000,3,false,80,2,2,1,null,260,1590,1380,8480,,,7,3,4.5,
Albert,アルベール,3040045000,3,true,100,6,1,1,null,240,900,1280,4800,1520,6080,1000,3,5,
Societte,ソシエ,3040044000,3,false,80,3,2,2,null,220,1490,1160,7920,,,20,5,4.5,
Vira,ヴィーラ(SSR),3040043000,3,true,100,5,2,1,null,240,1680,1280,8960,1520,10640,10,5,5,
Carmelina,カルメリーナ,3040042000,3,false,80,1,2,3,null,260,1740,1350,9240,,,4,1,4.5,
Sara,サラ(SSR),3040041000,3,false,80,4,2,1,null,390,1350,2080,7200,,,7,3,4.5,
Jeanne d'Arc,ジャンヌダルク,3040040000,3,true,100,6,2,1,null,290,1560,1550,8290,1840,9850,10,5,5,
Vaseraga,バザラガ,3040029000,3,true,100,5,1,3,null,270,1980,1410,10560,1680,12540,4,1,5,
Zeta,ゼタ,3040028000,3,true,100,2,2,1,null,240,1800,1280,9600,1520,11400,10,5,5,
Anila,アニラ,3040027000,3,true,100,2,2,3,null,315,1615,1715,8815,2015,10415,4,1,5.5,
Rosetta (Christmas),ロゼッタ(クリスマスver),3040026000,3,false,80,5,2,5,null,290,1370,1540,7280,,,7,3,4.7,
Siegfried,ジークフリート,3040025000,3,true,100,4,1,1,null,260,1560,1350,8320,1610,9880,7,3,5,
Sophia,ソフィア,3040024000,3,false,80,6,2,1,null,350,1160,1830,6160,,,4,1,4.7,
Lancelot,ランスロット(SSR),3040023000,3,true,100,3,1,1,null,250,1710,1320,9120,1570,10830,10,5,5,
Melleau,メルゥ,3040022000,3,false,80,4,2,2,null,220,1620,1160,8640,,,12,3,4.5,
Lennah,レナ,3040021000,3,true,100,1,2,1,null,300,1230,1570,6560,2370,7790,7,3,5,
Charlotta (Halloween),シャルロッテ(ハロウィンver),3040020000,3,false,80,6,2,4,null,300,1260,1590,6720,,,4,1,4.7,
Arulumaya,アルルメイヤ,3040019000,3,true,100,4,2,4,null,220,1580,1160,8400,1380,9980,7,3,5,
Christina,クリスティーナ,3040018000,3,true,100,1,2,1,null,310,1460,1650,7777,1960,9237,7,3,5,
Agielba,アギエルバ,3040017000,3,false,80,2,1,3,null,395,1485,2110,7920,,,4,1,4.7,
Cerberus,ケルベロス,3040016000,3,false,80,5,2,5,null,233,1333,1333,7333,,,0,55,4.5,
Io (Summer),イオ(水着ver),3040015000,3,false,80,2,2,1,null,230,1815,1225,9680,,,4,1,4.7,
De La Fille (Summer),レ・フィーエ(水着ver),3040014000,3,false,80,6,2,1,null,300,1200,1600,6400,,,4,1,4.7,
Seruel,セルエル,3040013000,3,true,100,6,1,2,null,215,1620,1150,8650,1365,10260,10,5,5,
Metera,メーテラ,3040012000,3,true,100,1,2,2,null,270,1370,1450,7300,1720,8670,7,3,5,
Magisa,マギサ,3040011000,3,true,100,2,2,1,null,240,1650,1280,8800,1520,10450,7,3,5,
Charlotta,シャルロッテ,3040010000,3,true,100,3,2,4,null,270,1575,1450,8400,1720,9980,7,3,5,
Cagliostro,カリオストロ,3040009000,3,true,100,4,2,1,null,300,1300,1600,7000,1900,8310,4,1,5,
Sarunan,サルナーン,3040008000,3,true,100,6,1,2,null,250,1560,1340,8360,1340,8360,7,3,5,
Lily,リリィ,3040007000,3,true,100,3,2,0,null,296,1220,1580,6500,1876,7720,4,1,5,
Yuel,ユエル,3040006000,3,true,100,2,2,2,null,315,1350,1680,7200,2000,8550,12,3,5,
Lady Grey,レディ・グレイ,3040005000,3,true,100,5,2,1,null,264,1680,1400,9000,1520,10680,10,5,5,
De La Fille,レ・フィーエ,3040004000,3,true,100,6,2,1,null,300,1200,1600,6400,1900,7600,7,3,6,
Nezahualpilli,ネツァワルピリ,3040003000,3,true,100,1,1,1,null,240,1800,1280,9600,1520,11400,7,3,5,
Aletheia,アレーティア,3040002000,3,false,80,4,1,1,null,256,1720,1360,9200,,,10,5,4.5,
Altair,アルタイル,3040001000,3,true,100,3,1,1,null,300,1500,1600,8000,1900,9500,7,3,5,
Gawain,ガウェイン,3040000000,3,false,80,1,1,1,null,330,1350,1760,7200,2110,8550,7,3,5,
Naoise (Promo),ノイシュ,3030000000,2,false,70,6,1,1,null,264,1080,1320,5400,,,7,3,3.5,
Therese (Event),テレーズ,3030001000,2,false,70,3,2,1,null,220,1100,1100,5500,,,10,5,3.5,
Mishra,マイシェラ,3030002000,2,false,70,3,2,2,null,260,1080,1300,5400,,,7,3,3.5,
Alec,アレク,3030003000,2,true,90,2,1,1,null,180,1500,900,7500,1010,8400,7,3,4.2,
Helnar,ヘルナル,3030004000,2,true,90,1,1,2,null,250,1125,1250,5625,1500,6800,7,3,4,
Katalina,カタリナ,3030005000,2,true,90,3,2,1,null,220,900,1320,5400,1540,6300,7,3,4,
Io,イオ,3030006000,2,true,90,3,2,1,null,200,800,1250,5000,1450,6000,7,3,4,
Eugen,オイゲン,3030007000,2,true,90,4,1,1,null,146,1090,900,6880,1046,7970,7,3,4,
Rackam,ラカム,3030008000,2,true,90,2,1,1,null,200,1000,1250,6250,1450,7250,7,3,4,
Gayne,ガイーヌ,3030009000,2,true,90,4,2,1,null,264,1180,1320,5900,1590,7080,7,3,4,
Rosetta,ロゼッタ,3030010000,2,false,70,1,2,5,null,208,960,1300,5800,,,7,3,3.5,
Abby (Promo),アビー,3030011000,2,false,70,2,2,1,null,160,1200,800,6000,,,7,3,3.5,
Ange,アンジェ,3030012000,2,true,90,3,2,1,null,250,1250,1250,6250,1500,7500,12,3,4,
Lamretta,ラムレッダ,3030013000,2,false,70,4,2,3,null,270,1120,1350,5600,,,7,3,3.5,
Ulamnuran,ウラムヌラン,3030014000,2,true,90,3,1,4,null,200,1300,1010,6530,1200,7820,7,3,4,
Aliza (Event),アリーザ,3030015000,2,false,70,2,2,3,null,168,1260,840,6300,,,7,3,3.5,
Jessica (Event),ジェシカ,3030016000,2,false,70,2,2,1,null,225,1125,1125,5625,,,7,3,3.5,
Danua,ダヌア,3030017000,2,true,90,5,2,3,null,250,1310,1240,6530,1490,7840,7,3,4,
Sutera (Wind),スーテラ,3030018000,2,true,90,1,2,2,null,260,1180,1310,5930,1560,7060,7,3,4,
Vira (SR),ヴィーラ,3030019000,2,false,70,5,2,1,null,200,1400,1000,7000,,,7,3,3.5,
Soriz,ソリッズ,3030020000,2,true,90,4,1,1,null,175,1500,875,7500,1040,9000,7,3,4,
Sara (Event),サラ,3030021000,2,false,70,4,2,1,null,260,900,1300,4500,,,4,1,5,
Jin (Event),ジン,3030022000,2,false,70,4,1,1,null,140,1200,700,6000,,,7,3,3.5,
Elmott,エルモート,3030023000,2,false,70,2,1,2,null,180,1350,900,6750,,,7,3,3.5,
Keehar,キハール,3030024000,2,false,70,1,1,2,null,245,1150,1125,5850,,,7,3,3.5,
Elta,エルタ,3030025000,2,false,70,1,1,1,null,200,1375,1000,6875,,,7,3,3.5,
Selfira (Event),セレフィラ,3030026000,2,true,90,1,2,2,null,198,850,990,4200,1390,5880,7,3,4,
Ezecrain,エゼクレイン,3030027000,2,false,70,2,1,1,null,225,1250,1125,6250,,,7,3,3.5,
Sig (Event),シグ,3030028000,2,false,70,3,2,1,null,170,1160,850,5900,,,7,3,3.5,
Katalina (Summer),カタリナ(水着ver),3030029000,2,false,70,3,2,1,null,300,1125,1500,5625,,,7,3,3.7,
Jessica (Summer),ジェシカ(水着ver),3030030000,2,false,70,2,2,1,null,210,1325,1050,6625,,,7,3,3.5,
Helnar (Summer),ヘルナル(水着ver),3030031000,2,false,70,1,1,2,null,260,1185,1300,5920,,,7,3,3.7,
Ferry (SR),フェリ(SR),3030032000,2,false,70,6,2,2,null,205,1150,1035,5740,,,7,3,3.5,
Lucius,ルシウス,3030033000,2,true,90,5,1,1,null,210,1460,1040,7310,1250,8760,7,3,4,
Teena,ティナ,3030034000,2,true,90,2,2,1,null,275,1000,1375,5000,1650,6460,7,3,4,
Feena (Event),フィーナ,3030035000,2,false,70,1,2,1,null,190,1040,960,5200,,,4,1,3.5,
Arusha,アルシャ,3030036000,2,false,70,6,2,2,null,225,1125,1125,5625,,,7,3,3.5,
Farrah,ファラ,3030037000,2,false,70,4,2,1,null,250,1280,1230,6380,,,7,3,3.5,
Juri (Event),ユーリ,3030038000,2,false,70,4,1,1,null,200,1020,980,5100,,,7,3,3.5,
Noa,ノア,3030039000,2,true,90,6,1,0,null,200,1250,1000,6250,1200,7500,7,3,4,
Uzuki Shimamura,島村卯月,3030040000,2,true,90,6,2,1,null,220,920,1080,4600,1400,5770,7,3,4,
Rin Shibuya,渋谷凛,3030041000,2,true,90,3,2,1,null,180,1120,880,5600,1060,7080,7,3,4,
Ange (Halloween),アンジェ(ハロウィンver),3030042000,2,false,70,5,2,1,null,250,1250,1000,7500,,,12,3,3.7,
Mimlemel,ミムルメモル,3030043000,2,false,70,1,2,4,null,180,1320,900,6570,,,7,3,3.5,
Aster (Event),アステール,3030044000,2,false,70,1,2,2,null,150,900,720,4500,,,7,3,3.5,
Mariah,マライア,3030045000,2,false,70,4,2,1,null,220,1440,1070,7190,,,7,3,3.5,
Carren,カレン,3030046000,2,false,70,2,2,1,null,240,1300,1190,6500,,,7,3,3.5,
Vane (Event),ヴェイン,3030047000,2,false,70,3,1,1,null,280,820,1360,4350,,,7,3,3.5,
Rackam (Christmas),ラカム(クリスマスver),3030048000,2,false,70,4,1,1,null,210,1300,1050,6500,,,7,3,3.5,
Rosamia (SR),ロザミア(SR),3030049000,2,false,70,6,2,1,null,260,1200,1300,6000,,,7,3,3.5,
Johann (Event),ヨハン,3030050000,2,false,70,6,1,1,null,220,830,1090,4150,,,7,3,3.5,
Mika Jougasaki,城ヶ崎美嘉,3030051000,2,true,90,5,2,1,null,160,1100,800,5500,960,6600,7,3,4,
Mio Honda,本田未央,3030052000,2,true,90,2,2,1,null,210,1000,1010,4980,1320,6230,7,3,4,
Baotorda,バウタオーダ,3030053000,2,false,70,6,1,3,null,330,1250,1650,6200,,,7,3,3.5,
Rita,リタ,3030054000,2,true,90,5,2,1,null,220,1280,1100,6380,1320,7660,7,3,4,
Ladiva,ファスティバ,3030055000,2,false,70,4,0,3,null,220,1580,1100,7850,,,7,3,3.5,
Volenna,ボレミア,3030056000,2,false,70,4,2,1,null,220,900,1100,4500,,,7,3,3.5,
Claudia,クラウディア,3030057000,2,false,70,4,2,1,null,230,1450,1130,7250,,,7,3,3.5,
Dorothy,ドロシー,3030058000,2,false,70,2,2,1,null,230,1330,1110,6630,,,7,3,3.5,
Zaja,ザザ,3030059000,2,false,70,5,1,3,null,300,1190,1450,5920,,,7,3,3.5,
Zehek,ゼヘク,3030060000,2,false,70,5,1,1,null,200,880,1000,4400,,,7,3,3.5,
Ejaeli,エジェリー,3030061000,2,true,90,3,2,1,null,250,1250,1250,6250,1500,7500,7,3,4,
Therese,テレーズ(バニーver),3030062000,2,false,70,2,2,1,null,250,1250,1250,6250,,,10,5,3.5,
Sarya (Event),サーヤ,3030063000,2,false,70,2,2,3,null,170,1160,840,5780,,,7,3,3.5,
Milleore,ミラオル,3030064000,2,false,70,3,2,4,null,230,1320,1130,6570,,,7,3,3.5,
Amira (SR),アーミラ(SR),3030065000,2,true,90,6,2,0,null,240,1400,1200,7000,1640,8200,7,3,4,
Hazen,ヘイゼン,3030066000,2,false,70,1,1,1,null,260,1000,1300,5000,,,7,3,3.5,
Syr,スィール,3030067000,2,false,70,1,1,1,null,170,1050,850,5250,,,7,3,3.5,
Mary,マリー,3030068000,2,false,70,2,2,1,null,240,1200,1200,6200,,,7,3,3.5,
Mizuki Kawashima,川島瑞樹,3030069000,2,false,70,3,2,1,null,210,980,1030,4860,,,7,3,3.5,
Miku Maekawa,前川みく,3030070000,2,false,70,1,2,1,null,139,1139,839,5839,,,7,3,3.5,
Anzu Futaba,双葉杏,3030071000,2,true,90,4,2,1,null,190,1030,910,5150,1100,6180,7,3,4,
Lecia,リーシャ,3030072000,2,false,60,1,2,1,null,210,1050,1050,5250,,,7,3,3.5,
Pengy (Event),ペンギー,3030073000,2,false,70,3,2,1,null,400,700,2000,3500,,,7,3,3.5,
Ceylan,セイラン,3030074000,2,false,70,6,1,2,null,200,810,990,4050,,,7,3,3.5,
J.J.,Ｊ・Ｊ,3030075000,2,false,70,6,1,1,null,290,1150,1450,5750,,,7,3,3.5,
Sahli Lao,ザーリリャオー,3030076000,2,false,70,3,2,4,null,220,1270,1180,6320,,,7,3,3.5,
Romeo (Event),ロミオ(SR),3030077000,2,false,70,3,1,1,null,204,980,1020,4900,,,7,3,3.5,
Feather,フェザー,3030078000,2,true,90,6,1,1,null,210,1450,1050,7250,1260,8700,7,3,4,
Robomi (Event),ロボミ,3030079000,2,false,70,6,2,0,null,270,850,1350,4250,,,7,3,3.5,
Milla Maxwell,ミラ＝マクスウェル,3030080000,2,false,70,2,2,0,null,210,1020,1030,5250,,,7,3,3.5,
Yuri Lowell,ユーリ・ローウェル,3030081000,2,false,70,5,1,1,null,170,1220,830,6180,,,7,3,3.5,
Sophie,ソフィ,3030082000,2,false,70,6,2,0,null,200,1120,980,5570,,,7,3,3.5,
Elmott (Summer),エルモート(水着ver),3030083000,2,false,70,2,1,2,null,180,1350,900,6750,,,7,3,3.5,
Tanya (Summer),ターニャ(水着ver),3030084000,2,false,70,5,2,1,null,260,1200,1290,6000,,,7,3,3.5,
Eugen (Summer),オイゲン(水着ver),3030085000,2,false,70,4,1,1,null,130,1370,930,6820,,,7,3,3.5,
Jin (Ronin),ジン(克己浪人),3030086000,2,false,70,4,1,1,null,140,1200,700,6000,,,7,3,3.5,
Lecia (Summer),リーシャ(水着ver),3030087000,2,false,70,1,2,1,null,270,1320,1320,6570,,,7,3,3.5,
Rika Jougasaki,城ヶ崎莉嘉,3030088000,2,true,90,2,2,1,null,160,1200,800,6000,960,7200,7,3,4,
Kanako Mimura,三村かな子,3030089000,2,false,70,4,2,1,null,220,800,1250,4000,,,7,3,3.5,
Koume Shirasaka,白坂小梅,3030090000,2,false,70,5,2,1,null,160,1100,800,5500,,,7,3,3.5,
Suframare (Summer),スフラマール(水着ver),3030091000,2,false,70,3,2,4,null,180,1450,900,7230,,,7,3,3.5,
Will,ウィル,3030092000,2,true,90,5,1,1,null,240,1320,1190,6580,1430,7900,7,3,4,
Malinda (Attack),ベス(攻撃),3030093000,2,false,70,3,0,0,null,140,1200,860,4980,,,7,3,3.5,
Malinda (Defense),ベス(防御),3030093000,2,false,70,3,0,0,null,220,840,1100,4000,,,7,3,3.5,
Malinda (Balanced),ベス(バランス),3030093000,2,false,70,3,0,0,null,200,900,860,3900,,,7,3,3.5,
Galadar,ガラドア,3030094000,2,false,70,4,1,3,null,320,1190,1580,5920,,,7,3,3.5,
Anna,アンナ,3030095000,2,false,70,2,2,1,null,200,1500,1000,7500,,,7,3,3.5,
Naoise (Event),ノイシュ(火属性ver),3030096000,2,true,90,2,1,1,null,240,900,1200,4500,1440,5400,7,3,4,
Teru Tendo,天道輝,3030097000,2,false,70,2,1,1,null,170,1170,850,5900,,,10,5,3.5,
Kaoru Sakuraba,桜庭薫,3030098000,2,false,70,3,1,1,null,190,1020,920,5100,,,7,3,3.5,
Tsubasa Kashiwagi,柏木翼,3030099000,2,false,70,1,1,1,null,180,1070,900,5350,,,7,3,3.5,
Goblin Mage,ミニゴブ,3030100000,2,false,70,1,2,0,null,264,1120,1320,5640,,,7,3,3.5,
Ferry (Halloween),フェリ(ハロウィンver),3030101000,2,false,70,6,2,2,null,205,1150,1035,5740,,,10,5,3.5,
Jasmine,ジャスミン,3030102000,2,false,70,4,2,1,null,270,1000,1370,5020,,,7,3,3.5,
Farrah (Event),ファラ(風属性ver),3030103000,2,false,70,1,2,1,null,240,930,1200,4150,,,7,3,3.5,
Ryu,リュウ,3030104000,2,false,70,1,1,1,null,200,1080,1000,5400,,,10,5,3.5,
Chun Li,春麗,3030105000,2,false,70,3,2,1,null,190,1090,950,5450,,,10,5,3.5,
Sig,シグ(ガチャver),3030106000,2,false,70,3,2,1,null,210,1400,1060,7200,,,7,3,3.5,
Vane,ヴェイン(ガチャver),3030107000,2,false,70,3,1,1,null,290,1160,1470,5800,,,7,3,3.5,
Lancelot (SR),ランスロット(SR),3030108000,2,false,70,3,1,1,null,160,1140,830,5700,,,7,3,3.5,
Ladiva (Christmas),ファスティバ(クリスマスver),3030109000,2,false,70,6,0,3,null,220,1580,1100,7850,,,7,3,3.5,
Anila (Event),アニラ(SR),3030110000,2,false,70,2,2,3,null,215,1140,845,5760,,,7,3,3.5,
Yaia,ヤイア,3030111000,2,true,90,4,2,3,null,300,1100,1515,5500,1815,6600,7,3,0,
Skull (Event),スカル,3030112000,2,false,70,4,1,4,null,144,1260,720,6150,,,7,3,3.5,
Sutera (Fire),スーテラ(火属性ver),3030113000,2,false,70,2,2,2,null,265,1150,1320,5750,,,7,3,3.5,
Lina Inverse,リナ＝インバース,3030114000,2,false,70,2,2,1,null,200,1000,1000,5000,,,7,3,3.5,
Naga the Serpent,白蛇のナーガ,3030115000,2,false,70,3,2,1,null,200,1000,1000,5000,,,7,3,3.5,
Daetta,ダエッタ,3030116000,2,false,70,6,2,3,null,230,1560,1150,7800,,,7,3,3.5,
Soriz (Event),ソリッズ(光属性ver),3030117000,2,false,70,6,1,1,null,230,950,1150,4750,,,7,3,3.5,
Sevilbarra,サビルバラ,3030118000,2,false,70,1,1,4,null,200,1480,1000,7400,,,7,3,3.5,
Ryan,ライアン,3030119000,2,false,70,2,1,1,null,220,1480,1100,7400,,,7,3,3.5,
Sachiko Koshimizu,輿水幸子,3030120000,2,false,70,6,2,1,null,130,920,800,5500,,,7,3,3.5,
Airi Totoki,十時愛梨,3030121000,2,false,70,4,2,1,null,210,720,1200,4500,,,7,3,3.5,
Redluck,レッドラック,3030122000,2,false,70,4,1,3,null,210,1450,1050,7230,,,7,3,3.5,
Lowain,ローアイン,3030123000,2,true,90,3,1,2,null,190,900,950,4500,1140,5400,7,3,0,
Shao,シャオ,3030124000,2,true,90,5,1,2,null,280,1070,1070,5350,1710,6420,7,3,4,
Karin,神月かりん,3030125000,2,false,70,2,2,1,null,180,1100,900,5500,,,10,5,3.5,
Rashid,ラシード,3030126000,2,false,70,1,1,1,null,190,1090,950,5450,,,7,3,3.5,
Sen,セン,3030127000,2,false,70,2,2,2,null,180,1350,900,6750,,,7,3,3.5,
Eso,エシオ,3030128000,2,false,70,1,1,1,null,240,1280,1220,6400,,,7,3,3.5,
Stan,スタン,3030129000,2,false,70,5,1,2,null,170,950,850,4750,,,7,3,3.5,
Sakura Shinguji,真宮寺さくら,3030130000,2,false,70,1,2,1,null,200,1000,1000,5000,,,7,3,3.5,
Erica Fontaine,エリカ・フォンティーヌ,3030131000,2,false,70,6,2,1,null,220,800,1100,4000,,,7,3,3.5,
Gemini Sunrise,ジェミニ・サンライズ,3030132000,2,false,70,2,2,1,null,160,1200,800,6000,,,10,5,3.5,
Laguna,ラグナ,3030133000,2,false,70,4,2,3,null,250,1510,1240,7560,,,7,3,3.5,
Jamil,ジャミル,3030134000,2,false,70,4,1,1,null,235,1330,1170,6650,,,7,3,3.5,
Morphe and Phoebe,モルフェとヴェトル,3030135000,2,false,70,3,3,0,null,240,800,1200,4000,,,7,3,3.5,
Stahn Aileron,スタン・エルロン,3030136000,2,false,70,2,1,1,null,170,1220,830,6180,,,7,3,3.5,
Tear Grants,ティア・グランツ,3030137000,2,false,70,6,2,1,null,210,950,1050,4750,,,7,3,3.5,
Elize Lutus,エリーゼ・ルタス,3030138000,2,false,70,5,2,1,null,170,1050,810,5450,,,7,3,3.5,
Almeida,アルメイダ,3030139000,2,false,70,4,2,3,null,225,1550,1100,7800,,,7,3,3.5,
Johann,ヨハン(ガチャver),3030140000,2,false,70,6,1,1,null,280,1000,1380,5000,,,7,3,3.5,
Nicholas (Event),シロウ,3030141000,2,false,70,6,1,1,null,200,1000,1000,5000,,,7,3,3.5,
Novei,ナーヴェ,3030142000,2,false,70,6,2,1,null,180,1000,900,5000,,,7,3,3.5,
Augusta,アウフスタ,3030143000,2,false,70,4,2,3,null,180,1000,900,5000,,,7,3,3.5,
Robertina,ロベルティナ,3030144000,2,false,70,1,2,4,null,180,1000,900,5000,,,7,3,3.5,
Pamela,パメラ,3030145000,2,false,70,3,2,1,null,180,1000,900,5000,,,7,3,3.5,
Cecile,セシール,3030146000,2,false,70,2,2,2,null,180,1000,900,5000,,,7,3,3.5,
Sara (Summer),サラ(水着ver),3030147000,2,false,70,4,2,1,null,310,1100,1510,5600,,,7,3,3.5,
J.J. (Summer),Ｊ・Ｊ(水着ver),3030149000,2,false,70,4,1,1,null,290,1150,1450,5750,,,7,3,3.5,
Diantha,ディアンサ,3030150000,2,false,70,3,2,1,null,180,1000,900,5000,,,7,3,0,
Jin (Wind),ジン(風属性ver),3030151000,2,false,70,1,1,1,null,180,1100,900,5500,,,7,3,3.5,
Camieux,クムユ(水着ver),3030152000,2,false,70,3,2,3,null,200,1500,1000,7480,,,7,3,3.5,
Pengy,ペンギー(ガチャSRver),3030153000,2,false,70,3,2,1,null,400,750,2000,3750,,,7,3,3.5,
Barawa (Event),バロワ,3030154000,2,false,70,2,1,3,null,170,1260,840,6300,,,7,3,3.5,
Cucuroux,ククル,3030155000,2,false,70,2,2,1,null,180,1400,940,7800,,,7,3,3.5,
Dante,ダーント,3030156000,2,false,70,2,1,1,null,200,1500,1000,7500,,,7,3,3.5,
Paris,パリス,3030157000,2,false,70,4,1,1,null,240,900,1200,4500,,,7,3,3.5,
Jessica,ジェシカ(土属性ver),3030159000,2,false,70,4,2,1,null,250,1330,1180,6380,,,7,3,3.5,
Anastasia,アナスタシア,3030160000,2,false,70,3,2,1,null,150,1180,710,4800,,,7,3,3.5,
Miria Akagi,赤城みりあ,3030161000,2,false,70,2,2,1,null,180,1000,700,4250,,,7,3,3.5,
Ranko Kanzaki,神崎蘭子,3030162000,2,false,70,5,2,1,null,110,1050,600,5500,,,7,3,3.5,
Beatrix (Halloween),ベアトリクス(ハロウィンver),3030163000,2,false,70,2,2,1,null,235,1300,1120,6580,,,7,3,3.5,
Erin,エリン,3030164000,2,false,70,3,2,0,null,290,950,1420,4800,,,7,3,3.5,
Lily (Event),リリィ(SR),3030165000,2,false,70,3,2,0,null,230,750,1140,3800,,,7,3,3.5,
Mimlemel and Stumpeye,ミムルメモル＆切り株,3030166000,2,false,70,1,2,4,null,170,1610,850,8130,,,7,3,3.5,
Tanya (SR),ターニャ(SR),3030167000,2,false,70,5,2,1,null,200,1500,1000,7500,,,7,3,3.5,
Percival (Event),パーシヴァル(SR),3030168000,2,false,70,2,1,1,null,160,1200,800,6000,,,7,3,3.5,
Sen (Holiday),セン(クリスマスver),3030169000,2,false,70,1,2,2,null,160,1450,880,6850,,,7,3,3.5,
Andira (Event),アンチラ(SR),3030170000,2,false,70,1,2,2,null,160,980,880,4600,,,7,3,3.5,
Lucius (Fire),ルシウス(火属性),3030171000,2,false,70,2,1,1,null,200,1500,1000,7500,,,7,3,3.5,
Meteon,ミュオン,3030172000,2,true,90,1,1,1,null,160,1100,800,5500,960,6600,7,3,4,
Haohmaru,覇王丸,3030173000,2,false,70,1,1,1,null,180,1130,900,5600,,,7,3,3.5,
Nakoruru,ナコルル,3030174000,2,false,70,6,2,1,null,155,1230,760,6200,,,7,3,3.5,
Herja (SR),ヘリヤ(SR),3030175000,2,false,70,4,2,1,null,210,1450,1210,6450,,,7,3,3.5,
Mina,マイム,3030176000,2,false,70,3,2,1,null,245,1275,1240,6300,,,7,3,3.5,
Albert (Event),アルベール(SR),3030177000,2,false,70,6,1,1,null,240,650,1240,3150,,,1000,3,3.5,
Jin (Summer),ジン(水着ver),3030178000,2,false,70,4,1,1,null,300,900,1580,4050,,,7,3,3.5,
Arisa,アリサ,3030179000,2,false,70,1,2,0,null,200,800,1100,4200,,,7,3,3.5,
Luna,ルナ,3030180000,2,false,70,5,2,1,null,140,1200,750,5800,,,7,3,3.5,
Tyre,タイアー,3030181000,2,false,70,1,1,1,null,210,1330,1050,6730,,,7,3,3.5,
Lyria,ルリア,3030182000,2,false,70,5,2,1,null,130,880,640,4400,,,7,3,6,
Vermeil,ヴェリトール,3030183000,2,false,70,6,1,4,null,230,1320,1130,6570,,,7,3,3.5,
Cain,カイン,3030184000,2,false,70,4,1,1,null,210,1350,1050,6630,,,7,3,3.5,
Ludmila,ルドミリア,3030185000,2,false,70,5,2,4,null,170,1650,880,7980,,,7,3,0,
Lamretta (Water),ラムレッダ(水属性ver),3030186000,2,false,70,3,2,3,null,210,1395,1040,7040,,,7,3,3.5,
Sutera (Event),スーテラ(イベントver),3030187000,2,false,70,2,2,2,null,260,1180,1310,5930,,,7,3,3.5,
Deliford,デリフォード,3030188000,2,false,70,5,1,1,null,240,1000,1330,4830,,,7,3,3.5,
Cagliostro (Event),カリオストロ(イベントバージョン),3030189000,2,false,70,5,2,1,null,195,965,1005,4980,,,7,3,3.5,
Predator,プレデター,3030190000,2,false,70,5,2,1,null,180,573,960,2700,,,1000,1000,3.5,
Sevastien,セワスチアン,3030191000,2,false,70,1,1,2,null,212,1190,1100,5700,,,7,3,3.5,
Charlotta (Event),シャルロッテ(イベントバージョン),3030192000,2,false,70,1,2,4,null,210,975,1140,4425,,,7,3,3.5,
Minami Nitta,新田美波,3030193000,2,false,70,3,2,1,null,320,1850,1050,4800,,,7,3,3.5,
Shiki Ichinose,一ノ瀬志希,3030194000,2,false,70,1,2,1,null,360,1800,1100,4900,,,7,3,0,
Jeanne d'Arc (SR),ジャンヌダルク(SR),3030195000,2,false,70,6,2,1,null,215,1320,1025,6750,,,7,3,3.5,
Jamil (Dark),ジャミル(闇属性ver),3030196000,2,false,70,5,1,1,null,186,1520,906,7700,,,7,3,3.5,
Walder (Event),ウェルダー(イベントver),3030197000,2,true,90,4,1,1,null,205,1000,1020,5100,1225,6100,7,3,4,
Charlotta (Summer),シャルロッテ(水着ver),3030198000,2,false,70,3,2,4,null,229,1297,1135,6510,,,7,3,3.5,
Ayer (Summer),アイル(水着ver),3030199000,2,false,70,4,1,1,null,195,1510,970,7650,,,7,3,3.5,
Carren (Event),カレン(イベントver),3030200000,2,false,70,2,2,1,null,138,1395,690,6685,,,7,3,3.5,
Ghandagoza (Summer),ガンダゴウザ(水着ver),3030201000,2,false,70,2,1,3,null,180,1600,900,8000,,,7,3,3.5,
Chloe (Summer),クロエ(水着ver),3030202000,2,false,70,1,2,2,null,180,1250,900,6200,,,7,3,0,
Blazing Teacher Elmott,炎獄先生エルモート,3030203000,2,false,70,2,1,2,null,215,1180,1060,5950,,,7,3,3.5,
Grea (Event),グレア(SR),3030204000,2,false,70,2,2,0,null,150,1300,710,6600,,,7,3,3.5,
Izuminokami Kanesada,和泉守兼定,3030205000,2,false,70,2,1,0,null,150,1250,750,6250,,,7,3,3.5,
Yamanbagiri Kunihiro,山姥切国広,3030206000,2,false,70,4,1,0,null,160,1040,880,5200,,,7,3,3.5,
Owen,オーウェン,3030207000,2,false,70,3,1,1,null,260,600,1260,3100,,,1000,3,3.5,
Reinhardtzar,ラインハルザ,3030208000,2,false,70,2,1,3,null,170,1350,800,7007,,,7,3,3.5,
Sarya,サーヤ(ガチャver),3030209000,2,false,70,6,2,3,null,225,1490,1150,7310,,,7,3,3.5,
Ezecrain (Event),エゼクレイン(イベントver),3030210000,2,false,70,6,1,1,null,143,1160,715,5900,,,7,3,3.5,
Mimlemel and Pun-Kin (Halloween),ミムルメモル＆パンプキン(ハロウィンver),3030220000,2,false,70,4,2,4,null,170,1610,820,8290,,,7,3,3.5,
Vania (SR),ヴァンピィ(SR),3030221000,2,false,70,5,2,0,null,185,1505,945,7630,,,7,3,3.5,
Karteira (SR),カルテイラ,3030222000,2,false,70,1,2,2,null,276,960,1390,4650,,,7,3,3.5,
Yuel (Event),ユエル(イベントver),3030223000,2,false,70,3,2,2,null,225,940,1180,4700,,,7,3,3.5,
Mirin,ミリン,3030224000,2,true,90,1,2,1,null,150,1700,900,7900,1050,9600,7,3,4,
Sophia (SR),ソフィア(SR),3030225000,2,false,70,6,2,1,null,280,975,1600,4950,,,7,3,0,
Arthur,アーサー,3030226000,2,false,70,1,1,1,null,195,1050,980,5100,,,7,3,3.5,
Mikasa,ミカサ,3030227000,2,false,70,1,2,1,null,130,1320,810,5960,,,7,3,3.5,
Feena (Holiday),フィーナ(クリスマスver),3030228000,2,false,70,6,2,1,null,165,1620,840,8050,,,4,1,3.5,
Mahira (Event),マキラ(SR),3030229000,2,false,70,4,2,4,null,190,1290,1050,6470,,,7,3,3.5,
Karva (SR),カルバ,3030230000,2,false,70,2,2,3,null,245,1280,1210,6460,,,7,3,3.5,
Zeta (Event),ゼタ(SR),3030231000,2,false,70,6,2,1,null,150,1300,750,6350,,,10,5,3.5,
Ippatsu (SR),イッパツ(SR),3030232000,2,false,70,2,1,1,null,220,1275,1075,6500,,,7,3,3.5,
Zooey (Event),ゾーイ(イベントver),3030233000,2,false,70,2,2,5,null,172,1040,870,5150,,,7,3,3.5,
Randall (SR),ランドル(SR),3030234000,2,false,70,5,1,1,null,166,1620,910,7950,,,7,3,3.5,
Narmaya (Valentine),ナルメア(バレンタインver),3030235000,2,false,70,5,2,3,null,214,1560,1004,8214,,,7,3,3.5,
Teena (Valentine),ティナ(バレンタインver),3030236000,2,false,70,2,2,1,null,250,1250,1250,6250,,,7,3,3.5,
Nezahualpilli (SR),ネツァワルピリ(SR),3030237000,2,false,70,4,1,1,null,175,1605,880,8160,,,7,3,3.5,
Tōru Amuro,安室透,3030238000,2,false,70,1,1,1,null,186,1060,925,5300,,,7,3,3.5,
Barawa (SR),バロワ(ガチャver),3030239000,2,false,70,6,1,3,null,220,1540,1080,7760,,,7,3,3.5,
Carmelina (SR),カルメリーナ(SR),3030240000,2,false,70,4,2,3,null,205,1380,1040,6880,,,4,1,0,
Leona,レオナ,3030241000,2,false,70,4,2,1,null,260,1290,1260,6550,,,7,3,3.5,
Aliza (Water),アリーザ(水属性ver),3030242000,2,false,70,3,2,3,null,165,1260,810,6490,,,7,3,3.5,
Vanzza (SR),ヴァンツァ(SR),3030243000,2,false,70,4,1,3,null,180,1730,900,8630,,,7,3,3.5,
Elta (Light),エルタ(光属性ver),3030244000,2,false,70,6,1,1,null,190,1325,1051,6620,,,7,3,3.5,
Yuisis (Yukata),ユイシス(浴衣ver),3030245000,2,false,70,1,2,2,null,250,1030,1250,5030,,,7,3,3.5,
Olivia (Event),オリヴィエ(水着ver),3030246000,2,false,70,5,2,5,null,240,1100,1200,5300,,,7,3,3.5,
Lilele (Summer),リルル(水着ver),3030247000,2,false,70,3,2,4,null,180,1450,900,7230,,,7,3,0,
Farrah (Summer),ファラ(水着ver),3030248000,2,false,70,3,2,1,null,215,1425,1100,7000,,,7,3,3.5,
Arulumaya (Yukata),アルルメイヤ(浴衣ver),3030249000,2,false,70,5,2,4,null,195,1370,950,6970,,,7,3,3.5,
Almeida (Summer),アルメイダ(水着ver),3030250000,2,false,70,4,2,3,null,215,1600,1050,8050,,,7,3,3.5,
Cailana (SR),カイラナ(SR),3030251000,2,false,70,3,2,2,null,150,1500,880,6850,,,7,3,3.5,
The Lowain Bros,チーム・ローアイン,3030252000,2,false,70,4,1,2,null,170,1360,770,7000,,,7,3,3.5,
Juri,ユーリ(風属性ver),3030253000,2,false,70,1,1,1,null,190,1450,970,7650,,,7,3,3.5,
Feather (Halloween),フェザー(ハロウィンver),3030254000,2,false,70,5,1,1,null,220,1400,1100,7200,,,7,3,3.5,
Arthur and Mordred,ひよこ班 アーサー＆モルドレッド,3030255000,2,false,70,1,1,1,2,220,1300,1100,6300,,,7,3,3.5,
Rosine,ロジーヌ,3030256000,2,false,70,2,2,1,null,280,1000,1200,5900,,,7,3,3.5,
Razia (SR),ラスティナ(SR),3030257000,2,false,70,4,2,3,null,340,1200,1660,6150,,,7,3,3.5,
Sevilbarra (Event),サビルバラ(イベントver),3030258000,2,false,70,6,1,4,null,135,1300,680,6500,,,7,3,3.5,
Yaia (Holiday),ヤイア(クリスマスver),3030259000,2,false,70,1,2,3,null,250,1200,1150,6730,,,7,3,3.5,
Beatrix (Earth),ベアトリクス(土属性ver),3030261000,2,false,70,4,2,1,null,180,1505,940,7550,,,7,3,3.5,
Cassius,カシウス,3030262000,2,false,70,5,1,0,null,240,1300,1200,6600,,,7,3,3.5,
Skull,スカル(闇属性ver),3030263000,2,false,70,5,1,4,null,165,1650,885,7950,,,7,3,3.5,
Catherine (SR),キャサリン(SR),3030264000,2,false,70,4,2,2,null,210,1540,1150,7970,,,7,3,3.5,
Mirin (Light),ミリン(光属性ver),3030265000,2,false,70,6,2,1,null,203,1465,1036,7320,,,7,3,3.5,
Korwa (SR),コルワ(SR),3030266000,2,false,70,1,2,2,null,210,1200,1110,5700,,,7,3,3.5,
Richard,リチャード,3030267000,2,false,70,5,1,1,null,200,1377,1020,6777,,,7,3,3.5,
Aster,アステール(火属性ver),3030268000,2,false,70,2,2,2,null,190,1208,1000,5688,,,7,3,3.5,
Bridgette and Cordelia,ノーブルナイツ ブリジール＆コーデリア,3030269000,2,false,70,6,2,4,1,240,1300,1240,6300,,,7,3,3.5,
Philosophia (SR),フィラソピラ(SR),3030270000,2,false,70,6,2,4,null,180,1450,1100,6600,,,7,3,3.5,
Friday,フライデー,3030271000,2,false,70,2,2,1,null,250,1250,1250,6250,,,7,3,3.5,
Lancelot and Vane (Summer),白竜の双騎士 ランスロット＆ヴェイン(SR)(水着ver),3030272000,2,false,70,4,1,1,null,320,515,1680,2320,,,1000,3,3.5,
Cassius (Yukata),カシウス(浴衣ver),3030273000,2,false,70,2,1,0,null,190,1550,1150,6850,,,7,3,3.5,
Leona (Yukata),レオナ(浴衣ver),3030274000,2,false,70,3,2,1,null,140,1770,960,7700,,,7,3,3.5,
La Coiffe,コワフュール,3030275000,2,false,70,4,2,2,null,260,900,1500,4250,,,7,3,3.5,
Zaja (Halloween),ザザ(ハロウィンver),3030276000,2,false,70,4,1,3,null,350,1070,1750,5320,,,7,3,3.5,
You,ヨウ,3030277000,2,false,70,5,2,2,null,150,1080,720,5400,,,7,3,3.5,
Krugne (SR),クルーニ,3030278000,2,false,70,1,1,2,null,180,1250,750,6500,,,7,3,3.5,
Kumbhira (Event),クビラ(SR),3030279000,2,false,70,6,2,3,null,140,1500,800,7000,,,7,3,3.5,
Joy,ジョイ,3030280000,2,false,70,1,0,0,null,108,1200,108,6000,,,7,3,3.5,
Meg (Event),メグ,3030290000,2,false,70,5,2,1,null,200,1500,990,7550,,,7,3,3.5,
Tyre (Yukata),タイアー(浴衣ver),3030300000,2,false,70,6,1,1,null,250,1250,1250,6250,,,7,3,3.5,
Ferry (Summer),フェリ(水着ver),3030310000,2,false,70,2,2,2,null,180,1240,920,6200,,,7,3,3.5,
Joel (SR),ジョエル,3030320000,2,false,70,3,1,1,null,280,975,1395,4900,,,7,3,3.5,