"id","premium","classic","flash","legend","valentines","summer","halloween","holiday","drawable_type","drawable_id"
"ff78b872-9e9e-4164-b03a-d50022552a8a",TRUE,FALSE,TRUE,TRUE,TRUE,TRUE,TRUE,TRUE,"Weapon","f75d4b1d-0d76-45af-ad4e-af5a31338e77"
"ff6fc6d4-3916-47f8-8271-606588069959",TRUE,TRUE,TRUE,TRUE,TRUE,TRUE,TRUE,TRUE,"Weapon","3ab14718-b6cf-41df-9d82-5117bf0779b9"
"fe86bc58-b497-4210-a1db-f8c5b81ea098",TRUE,TRUE,TRUE,TRUE,TRUE,TRUE,TRUE,TRUE,"Summon","bf689a68-4c85-4fcd-afbe-045a3a99b696"
"fd5f3967-e31d-4ab9-8803-ee7cadf52f54",TRUE,FALSE,TRUE,TRUE,TRUE,TRUE,TRUE,TRUE,"Summon","0fcfa02d-879f-4166-bc70-1f86a99a45ca"
"fd4e03e5-f2f8-4207-b8fe-e4e3a2a47965",TRUE,FALSE,TRUE,TRUE,TRUE,TRUE,TRUE,TRUE,"Weapon","b456d602-0b54-49c7-a8cc-9a65e426c759"
"fb488bb5-c787-41ff-90ce-d22095de2291",TRUE,FALSE,TRUE,TRUE,TRUE,TRUE,TRUE,TRUE,"Summon","b9dd714a-6976-4a55-99fd-2e82f88320c1"
"facb43f6-ff29-4a3e-adbd-506e560424c4",TRUE,FALSE,TRUE,TRUE,TRUE,TRUE,TRUE,TRUE,"Weapon","8700b69f-2947-40f7-81de-3533592f1e57"
"fa61da07-fd33-4d53-8de9-0d8444041b32",TRUE,FALSE,TRUE,TRUE,TRUE,TRUE,TRUE,TRUE,"Weapon","49f25bb3-8d02-437a-8c59-27397abbce16"
"fa1583d7-b0ff-45d5-85b6-88ddf3d382d2",TRUE,FALSE,TRUE,TRUE,TRUE,TRUE,TRUE,TRUE,"Weapon","b52b006f-a4ad-4007-851c-bde827ab8187"
"f96e0ef8-d7ac-44ba-ac32-527b475a1b23",TRUE,FALSE,TRUE,TRUE,TRUE,TRUE,TRUE,TRUE,"Summon","ea1fb0fe-a48a-4129-8d23-a83905d5211d"
"f916c6ee-3363-4130-b396-8b682e1955ca",TRUE,FALSE,TRUE,TRUE,TRUE,TRUE,TRUE,TRUE,"Summon","5c007586-588b-4eea-9bc5-d099f94af737"
"f8335a6c-b048-4326-a693-02090acb25bd",TRUE,TRUE,TRUE,TRUE,TRUE,TRUE,TRUE,TRUE,"Weapon","8e3016e8-7ff7-46f3-9de7-1326c8dd052a"
"f81adfce-d824-459d-98d1-eed6eeec8def",TRUE,FALSE,TRUE,TRUE,TRUE,TRUE,TRUE,TRUE,"Summon","18a7947f-b386-477b-a53a-05c340da9860"
"f7fee47b-47a5-4909-b8d6-99a02b388662",TRUE,FALSE,TRUE,TRUE,TRUE,TRUE,TRUE,TRUE,"Weapon","df263281-39d1-4e2d-89a7-2ff3f6902392"
"f7dddb0b-08d0-44de-9c04-d12111e51b81",TRUE,FALSE,TRUE,TRUE,TRUE,TRUE,TRUE,TRUE,"Weapon","1665b353-d9e4-4577-928f-6e799dcdb913"
"f788f10d-47f1-4a08-8349-851cfbd7504e",TRUE,FALSE,TRUE,TRUE,TRUE,TRUE,TRUE,TRUE,"Weapon","d88b88aa-040c-470a-bbad-66087f1c316d"
"f6de9abd-c49a-458b-9d2c-7bc00af3416b",TRUE,FALSE,TRUE,TRUE,TRUE,TRUE,TRUE,TRUE,"Summon","671907a9-8fbe-45ed-aea1-4426b932946c"
"f6bedaef-9f57-4e4e-8bd0-271915490356",TRUE,TRUE,TRUE,TRUE,TRUE,TRUE,TRUE,TRUE,"Weapon","e45ce872-87cd-4a59-a624-f807f766f7ba"
"f6778303-6b73-4cdc-bf38-569523c325cc",TRUE,FALSE,TRUE,TRUE,TRUE,TRUE,TRUE,TRUE,"Weapon","3a20348e-93ae-434b-9d9e-ad2f35b69c8a"
"f6644a71-0d4c-4caa-af17-14fe814bb32a",TRUE,TRUE,TRUE,TRUE,TRUE,TRUE,TRUE,TRUE,"Summon","235b0cbb-fbde-451e-9bc6-44b1d55bd0bd"
"f6474766-740a-45f6-bf9b-1704939999aa",TRUE,FALSE,TRUE,TRUE,TRUE,TRUE,TRUE,TRUE,"Weapon","b00816ae-0dd9-4a92-adc3-9c11242b8fba"
"f639493c-2122-42b7-a938-fe85ee0d66e7",TRUE,FALSE,TRUE,TRUE,TRUE,TRUE,TRUE,TRUE,"Weapon","b4a82a96-1184-4272-9fc2-1424baa63500"
"f47dfcbd-b122-4209-9639-cc0923508cde",TRUE,FALSE,TRUE,TRUE,TRUE,TRUE,TRUE,TRUE,"Weapon","d426891c-70cd-42b3-91b6-94656e1a7161"
"f2f54c70-8f5c-488d-94b9-f41d66391f8b",TRUE,TRUE,TRUE,TRUE,TRUE,TRUE,TRUE,TRUE,"Weapon","2b0b86e9-c198-4111-9bd5-be4a80a6b1b3"
"f2deb311-51fc-4f22-854e-137fcfd3eb9a",TRUE,FALSE,TRUE,TRUE,TRUE,TRUE,TRUE,TRUE,"Weapon","91f060e5-a032-438d-af3c-5a4d6ebb2b5b"
"f251fdec-00c4-48b1-8edf-9c797d585cd1",TRUE,FALSE,TRUE,TRUE,TRUE,TRUE,TRUE,TRUE,"Weapon","3c91824c-0bdd-4d55-a6d1-d4102240e693"
"f07df162-2018-4511-941d-fd6948ddd109",TRUE,TRUE,TRUE,TRUE,TRUE,TRUE,TRUE,TRUE,"Weapon","ec61f980-9085-4411-ab47-ed508f292a29"
"f028cc68-4577-46c0-affb-43c1f80a0ecb",TRUE,FALSE,TRUE,TRUE,TRUE,TRUE,TRUE,TRUE,"Summon","ad9abfc0-d919-4f75-aa15-0993d20d85ba"
"ef9fc8c2-c6f5-4110-a555-c644ba4aecac",TRUE,FALSE,TRUE,TRUE,TRUE,TRUE,TRUE,TRUE,"Weapon","7d8185a8-41d7-430f-bdcd-83dc4251e42f"
"ef9866fd-39fe-42c1-958f-6077d3c2300a",TRUE,TRUE,TRUE,TRUE,TRUE,TRUE,TRUE,TRUE,"Weapon","be0120da-dc64-40e4-a4e2-242cf7ffb3c2"
"ef06d39e-9331-4388-92e8-4d7227f65e51",TRUE,TRUE,TRUE,TRUE,TRUE,TRUE,TRUE,TRUE,"Weapon","cb9a4103-d561-40b9-9c11-48f850443471"
"ee978414-56ec-4000-bb57-a4ac197c2183",TRUE,TRUE,TRUE,TRUE,TRUE,TRUE,TRUE,TRUE,"Weapon","f1034168-a3ae-4394-b79a-30d3f2aba1a5"
"ee4e6a22-ffa6-47f4-b2c7-cb7955a622d1",TRUE,TRUE,TRUE,TRUE,TRUE,TRUE,TRUE,TRUE,"Weapon","c3046fe5-ce2b-4ee3-a9a4-fcc98afcc7ad"
"ea655c79-0ef3-48ac-9aa6-e3416a9f6044",TRUE,TRUE,TRUE,TRUE,TRUE,TRUE,TRUE,TRUE,"Weapon","fd8c2633-ad6b-4523-8e47-cea395580a46"
"e9fa1036-ffc6-40da-80b2-b37790722f5a",TRUE,FALSE,TRUE,TRUE,TRUE,TRUE,TRUE,TRUE,"Weapon","1bae5905-f879-4e70-95e0-318c52bf9888"
"e9751fcd-8190-4c14-8e83-a4240ec30ce3",TRUE,TRUE,TRUE,TRUE,TRUE,TRUE,TRUE,TRUE,"Weapon","52b32a06-489a-47f2-ac57-7c5d12fc3a98"
"e8a0ec70-9115-4630-9e0b-8ffaa966812c",TRUE,TRUE,TRUE,TRUE,TRUE,TRUE,TRUE,TRUE,"Summon","99215e44-6849-43c2-b02c-4151f5ef4a9f"
"e87fd5b5-f3a0-4a4c-bb49-c1d7eb61f8f7",TRUE,FALSE,TRUE,TRUE,TRUE,TRUE,TRUE,TRUE,"Weapon","0051cb18-cf92-4dcb-b27c-fe8a72ec78e9"
"e86b18f5-fd82-4d21-8ab8-8889fa258af3",TRUE,FALSE,TRUE,TRUE,TRUE,TRUE,TRUE,TRUE,"Summon","597d6c56-73e3-424f-9971-8a237700fe08"
"e6bfd0f2-810d-4760-8c32-bf82a935155b",TRUE,FALSE,TRUE,TRUE,TRUE,TRUE,TRUE,TRUE,"Weapon","6d64bbf8-6e93-4230-a643-59a323e0885c"
"e6472779-9282-4e37-8cb9-ff22b4172a72",TRUE,FALSE,TRUE,TRUE,TRUE,TRUE,TRUE,TRUE,"Weapon","4b48ea9f-68d4-4ac4-af43-38e231ca987e"
"e5f7a8f5-daba-4908-a8f0-ce36cd6ad40f",TRUE,TRUE,TRUE,TRUE,TRUE,TRUE,TRUE,TRUE,"Weapon","1e4f9f30-6418-4c0c-816f-a8a9e093b955"
"e54d1f7e-252d-4c88-aad3-1a64e5e1e919",TRUE,TRUE,TRUE,TRUE,TRUE,TRUE,TRUE,TRUE,"Summon","83a5aeaf-5231-43da-9783-bc01564844c6"
"e5039bdc-3faa-4d8e-ad60-f2e8b94594db",TRUE,FALSE,TRUE,TRUE,TRUE,TRUE,TRUE,TRUE,"Weapon","a9ef5232-07ca-4c5e-8255-2a5d0c612a86"
"e4ef73cc-c75a-4da7-ba31-634e2e994320",TRUE,FALSE,TRUE,TRUE,TRUE,TRUE,TRUE,TRUE,"Weapon","a13e3309-eb14-4ae2-9b4d-0bbb1dafb0be"
"e450f47b-1712-48c5-b3f7-dbbe597636f0",TRUE,FALSE,TRUE,TRUE,TRUE,TRUE,TRUE,TRUE,"Weapon","4ac84738-1f28-4b4b-ad33-3d9f66680d4f"
"e3203f47-5737-4d2c-acef-bb43950b7736",TRUE,FALSE,TRUE,TRUE,TRUE,TRUE,TRUE,TRUE,"Weapon","17a2e667-9a64-4eb9-879c-41bf4161244d"
"e2d128c4-d2d6-4e89-82ab-a884db6cf148",TRUE,FALSE,TRUE,TRUE,TRUE,TRUE,TRUE,TRUE,"Weapon","f82d455c-5369-486e-8178-968c15498575"
"e2a09179-a436-42fa-8610-75c647e9b4a3",TRUE,FALSE,TRUE,TRUE,TRUE,TRUE,TRUE,TRUE,"Summon","29e83b05-cc6c-4d2b-aba3-f9088c516ffc"
"e0ba4338-472d-4405-befe-1e3d692bdc67",TRUE,FALSE,TRUE,TRUE,TRUE,TRUE,TRUE,TRUE,"Summon","3cc86819-684c-43cd-beb4-a5d325f93e69"
"dfc07cc5-dba6-41a5-92a3-6de9bcf6cc52",TRUE,FALSE,TRUE,TRUE,TRUE,TRUE,TRUE,TRUE,"Weapon","933c394b-8574-489a-ae7f-d2368bd1200d"
"df5f4721-b069-4468-abbe-5a2d480d1d6d",TRUE,FALSE,TRUE,TRUE,TRUE,TRUE,TRUE,TRUE,"Weapon","f88ebd5e-3f3f-46e8-a785-3623e582b34b"
"df2380f4-c404-4b8a-a741-36c0a4ff6b61",TRUE,FALSE,TRUE,TRUE,TRUE,TRUE,TRUE,TRUE,"Weapon","94087338-1932-4489-a0a3-3250079fbb5a"
"df233a20-caf8-4011-bd76-7538a32e07e6",TRUE,TRUE,TRUE,TRUE,TRUE,TRUE,TRUE,TRUE,"Weapon","f48e638c-7cd6-4b58-9e5d-b1295436a7ed"
"de66dd06-fe78-4ffe-ada5-fe0b5292cc76",TRUE,FALSE,TRUE,TRUE,TRUE,TRUE,TRUE,TRUE,"Weapon","a9e6bc4a-5892-4a92-a13e-031a499a9f2b"
"da9625bd-cd2c-4865-8e8f-bc8246a9fc2c",TRUE,FALSE,TRUE,TRUE,TRUE,TRUE,TRUE,TRUE,"Weapon","aea34fa5-c31c-457f-b260-bd6abaf5e825"
"da752b32-bcd5-4602-8dcb-099dce615464",TRUE,TRUE,TRUE,TRUE,TRUE,TRUE,TRUE,TRUE,"Weapon","8c1d2897-a1b0-44fa-b705-4c0e33a2cdaa"
"da16bc05-6059-41ea-9652-ce22530363aa",TRUE,TRUE,TRUE,TRUE,TRUE,TRUE,TRUE,TRUE,"Summon","9ec65ed4-12d3-4a5f-9c57-d173e91c06ab"
"d977beaa-40e2-486a-ad16-9de113d2a745",TRUE,FALSE,TRUE,TRUE,TRUE,TRUE,TRUE,TRUE,"Summon","c568242a-abdd-48e9-a488-ca9487b23106"
"d961076e-f448-4d37-a958-5bbd376f6262",TRUE,TRUE,TRUE,TRUE,TRUE,TRUE,TRUE,TRUE,"Weapon","ceaa8ce7-4579-4320-a6d6-f252d97af622"
"d90d0eed-1272-4498-bc0e-315fb616d570",TRUE,FALSE,TRUE,TRUE,TRUE,TRUE,TRUE,TRUE,"Summon","babf0011-097c-4174-a06f-204246f4bbc6"
"d837ec29-f713-4729-8bc3-2b7f22650e16",TRUE,FALSE,TRUE,TRUE,TRUE,TRUE,TRUE,TRUE,"Weapon","c98edf48-3306-4d9a-8f16-11bd8f2212f0"
"d7681c45-593c-4f2f-8146-18703df6cf48",TRUE,FALSE,TRUE,TRUE,TRUE,TRUE,TRUE,TRUE,"Weapon","b8fe4f2b-9630-4b97-a82c-51b3614c0cc0"
"d6f5242b-2731-4e3b-966c-22dcf61301fa",TRUE,TRUE,TRUE,TRUE,TRUE,TRUE,TRUE,TRUE,"Weapon","95e7376e-9bfc-449f-8b11-2e718ba392d4"
"d6e72b26-b41b-4fba-8218-c89fd35cf3d0",TRUE,FALSE,TRUE,TRUE,TRUE,TRUE,TRUE,TRUE,"Summon","78bc0317-66ea-4ad9-a7c7-55d0b6d3de32"
"d629e699-5c08-4495-b695-6b3a56a1ce5c",TRUE,TRUE,TRUE,TRUE,TRUE,TRUE,TRUE,TRUE,"Weapon","4fe3598d-e5dc-4287-a082-26f69bca0b3e"
"d53ac6f0-a630-4f48-8112-29168ffe32a2",TRUE,FALSE,TRUE,TRUE,TRUE,TRUE,TRUE,TRUE,"Weapon","a915bcca-3395-479b-a79c-abebec0bada6"
"d4a04dee-bf62-4f8e-92e5-b27dc97ed767",TRUE,FALSE,TRUE,TRUE,TRUE,TRUE,TRUE,TRUE,"Weapon","beae2459-58f6-4d6b-bf62-a8e9784df628"
"d452fd0f-1c95-44dc-a300-65c3a9f85b01",TRUE,FALSE,TRUE,TRUE,TRUE,TRUE,TRUE,TRUE,"Weapon","6bcad90b-c0ee-42db-bce6-100bf11c2977"
"d423128b-3fd6-42b7-9d12-1cfe576aff8f",TRUE,FALSE,TRUE,TRUE,TRUE,TRUE,TRUE,TRUE,"Weapon","cd636d00-1174-4734-8256-2e3556bdc836"
"d3d2fa2f-6c18-48ed-918b-eb718200bb4d",TRUE,TRUE,TRUE,TRUE,TRUE,TRUE,TRUE,TRUE,"Weapon","39f5545c-21ec-44e1-ad18-1273242cd904"
"d3c6d45d-d9a6-4c1b-ba26-ade9fc314a46",TRUE,TRUE,TRUE,TRUE,TRUE,TRUE,TRUE,TRUE,"Summon","dee72585-649c-45e3-b2bc-9f6dec216d46"
"d3147897-caa9-4281-86af-3df1561bd851",TRUE,TRUE,TRUE,TRUE,TRUE,TRUE,TRUE,TRUE,"Weapon","34795c8e-7b4b-4796-9be3-54d3db904498"
"d0faa8c0-5152-4475-9a11-cb2dbba1f6de",TRUE,FALSE,TRUE,TRUE,TRUE,TRUE,TRUE,TRUE,"Weapon","88e18cb6-3bf6-40f3-b4e1-a181c1d1fe3f"
"d0ca14fa-c68f-4b8a-aaaa-2c071608f8ff",TRUE,FALSE,TRUE,TRUE,TRUE,TRUE,TRUE,TRUE,"Weapon","6f86b433-0e19-4be6-8417-076dfffe2431"
"d0bdc3ef-c0ed-4615-a86a-213fbd1a0391",TRUE,FALSE,TRUE,TRUE,TRUE,TRUE,TRUE,TRUE,"Summon","26ec677a-1dbf-42b1-b216-482b89afa4c5"
"d09d38d3-6521-4899-9f1e-f37573067c76",TRUE,FALSE,TRUE,TRUE,TRUE,TRUE,TRUE,TRUE,"Weapon","db47b4c3-4d1b-47cf-a954-98f7fe9620b5"
"d097df7e-fb80-472a-bf58-b0cfedeeafdd",TRUE,TRUE,TRUE,TRUE,TRUE,TRUE,TRUE,TRUE,"Weapon","122be938-9e19-4a25-b36a-ef184ca08e08"
"cfda6ff8-8768-45e9-bb23-82fccfd54064",TRUE,FALSE,TRUE,TRUE,TRUE,TRUE,TRUE,TRUE,"Summon","e46f16b7-6f3e-48e2-b6c3-153b05e82743"
"cf20ff08-9d9f-4bd6-aabb-4e30f3094844",TRUE,FALSE,TRUE,TRUE,TRUE,TRUE,TRUE,TRUE,"Weapon","c70e38fc-a68a-4245-844b-cda071483e22"
"cee5e2a8-6819-471d-90ed-280e8937fb8d",TRUE,FALSE,TRUE,TRUE,TRUE,TRUE,TRUE,TRUE,"Weapon","116d01d6-43ec-4191-a0cd-8e5e8d7ed0f9"
"ce1cf502-e705-482e-9bff-b16b426d6504",TRUE,TRUE,TRUE,TRUE,TRUE,TRUE,TRUE,TRUE,"Weapon","98322f29-fa8d-4f6a-a035-89a246ef4e95"
"ce1689e7-8758-476c-84c2-a2d390393ecf",TRUE,FALSE,TRUE,TRUE,TRUE,TRUE,TRUE,TRUE,"Summon","9cb0884e-2163-42eb-a56b-eb4a3907db58"
"cd72e2ef-1267-4df3-ab47-e6dfc348b196",TRUE,TRUE,TRUE,TRUE,TRUE,TRUE,TRUE,TRUE,"Weapon","61e68cc2-9aaa-496e-be41-c7ee012b5606"
"cd5a32ef-705c-4dda-b1d7-a3288141c23c",TRUE,TRUE,TRUE,TRUE,TRUE,TRUE,TRUE,TRUE,"Weapon","f0b4448c-c232-4f44-bc85-b90fa2a11aae"
"cc24b91d-8769-4125-b2dd-d65984b5ba62",TRUE,FALSE,TRUE,TRUE,TRUE,TRUE,TRUE,TRUE,"Weapon","25699f3d-f36c-4e4a-9888-c0caaf57bd7c"
"cc1170dd-7bcc-4ae4-a240-2c479b61f69c",TRUE,FALSE,TRUE,TRUE,TRUE,TRUE,TRUE,TRUE,"Weapon","baade98c-90e1-47a7-a7b9-d245fe798910"
"cb69ce12-cf14-49b3-ace0-83061438c571",TRUE,TRUE,TRUE,TRUE,TRUE,TRUE,TRUE,TRUE,"Summon","8e560da4-7873-4c95-93fd-32eab54e6201"
"cacab726-75d0-46f2-8df7-b695f880b675",TRUE,FALSE,TRUE,TRUE,TRUE,TRUE,TRUE,TRUE,"Weapon","ca07b371-807a-4609-8e9d-553a92cd417b"
"cac40610-93cc-4628-a1eb-12bd8e07e820",TRUE,FALSE,TRUE,TRUE,TRUE,TRUE,TRUE,TRUE,"Weapon","e1bad530-21ec-4eed-9aa7-a7f2c847c0bb"
"c9f19a17-292d-49d4-8903-c480082a140d",TRUE,TRUE,TRUE,TRUE,TRUE,TRUE,TRUE,TRUE,"Summon","3e0967f0-3d1b-482f-a409-b72bb8c686ba"
"c9edb6e0-b15e-4927-abd1-f1bca7649f2a",TRUE,TRUE,TRUE,TRUE,TRUE,TRUE,TRUE,TRUE,"Weapon","240d4bb7-cae8-46d5-86da-babb0fa71939"
"c8877bf4-7de4-478e-835e-2bfd5c4149f8",TRUE,FALSE,TRUE,TRUE,TRUE,TRUE,TRUE,TRUE,"Weapon","256e1320-f74e-4737-bafb-1402b3fad506"
"c8476089-fcdf-403a-8664-f0d3c6ac440b",TRUE,TRUE,TRUE,TRUE,TRUE,TRUE,TRUE,TRUE,"Weapon","c42e7587-16e4-4a4a-920a-24e205a353c8"
"c7f735cf-736c-47f0-ac13-e5667adddbec",TRUE,FALSE,TRUE,TRUE,TRUE,TRUE,TRUE,TRUE,"Summon","993765cb-2e8c-4583-9d68-db00388e7c8c"
"c7b650f4-d08a-4bb7-a213-7df01b3cf0c0",TRUE,TRUE,TRUE,TRUE,TRUE,TRUE,TRUE,TRUE,"Summon","0ed19e24-39f0-4e03-b0eb-53fb4bdb456a"
"c79f2fa9-abc1-4036-bf1f-4691bce9e1cc",TRUE,FALSE,TRUE,TRUE,TRUE,TRUE,TRUE,TRUE,"Summon","ab05e458-f61c-4284-9ccc-efd226ebe6a4"
"c79c7863-6c71-489c-9fbf-c04dad99e929",TRUE,FALSE,TRUE,TRUE,TRUE,TRUE,TRUE,TRUE,"Weapon","c83824da-36fa-41c0-b6d4-ec0ea874a00d"
"c4e968bd-acf2-4a0d-80a8-9f3b8f6c21ce",TRUE,TRUE,TRUE,TRUE,TRUE,TRUE,TRUE,TRUE,"Summon","b09eceb2-2933-4e65-9fd1-ba916aa9c695"
"c2a4990c-7fc1-4666-a630-405881d07abc",TRUE,TRUE,TRUE,TRUE,TRUE,TRUE,TRUE,TRUE,"Weapon","3f5f271f-c2d8-4a4d-b34a-852570eb3bf0"
"c244b3e8-0f14-4523-bfde-cb3e32b0c916",TRUE,FALSE,TRUE,TRUE,TRUE,TRUE,TRUE,TRUE,"Weapon","7e3aef42-0db3-460f-b252-6ae4509c9eb3"
"c207e2e0-4f09-4147-bc38-159e4f739e07",TRUE,TRUE,TRUE,TRUE,TRUE,TRUE,TRUE,TRUE,"Weapon","75196b44-b34f-4434-b48a-d25b950cea68"
"c157b5b6-82eb-4ed6-b2d9-7f826196bfd6",TRUE,TRUE,TRUE,TRUE,TRUE,TRUE,TRUE,TRUE,"Summon","0271eb86-240c-4b84-ab49-571af652eb6f"
"c071bf5b-2769-4e6b-913f-15111369b560",TRUE,TRUE,TRUE,TRUE,TRUE,TRUE,TRUE,TRUE,"Summon","cf424633-4e6c-4fa4-b216-05a1406135ea"
"c0137bfc-a59e-461c-b191-e053811e3725",TRUE,FALSE,TRUE,TRUE,TRUE,TRUE,TRUE,TRUE,"Weapon","2b2e7f32-4104-4499-a72b-381909c07ba8"
"bfa05f32-651b-4131-a152-d4d9ead8a21f",TRUE,FALSE,TRUE,TRUE,TRUE,TRUE,TRUE,TRUE,"Weapon","0b31c9f7-d501-4f18-8cf2-2710310e25ce"
"bf509f87-b2be-4a99-893b-29ec3c0cd0a4",TRUE,FALSE,TRUE,TRUE,TRUE,TRUE,TRUE,TRUE,"Weapon","1e90a94d-e6a5-4e84-8b8f-469b9f04dff0"
"be85c3fa-5086-4071-b144-c3ffe3581af6",TRUE,TRUE,TRUE,TRUE,TRUE,TRUE,TRUE,TRUE,"Weapon","ccac81b6-d20f-49b2-acc7-f1f034578634"
"be3aecc3-d544-4730-9b38-42359fbce1e6",TRUE,TRUE,TRUE,TRUE,TRUE,TRUE,TRUE,TRUE,"Weapon","fb5b7914-aa37-4d5d-a346-a4db1a1a4d2c"
"be1058fc-7c6c-426c-8a18-2c205019df7e",TRUE,FALSE,TRUE,TRUE,TRUE,TRUE,TRUE,TRUE,"Weapon","405cae33-47d3-41a0-840e-b8b42c7e27a8"
"bdbeefea-52c1-42b8-b826-238cb57718c1",TRUE,FALSE,TRUE,TRUE,TRUE,TRUE,TRUE,TRUE,"Weapon","cd83e37c-829e-43d8-920d-2a1b5c934647"
"bdaeb1a1-3f30-4754-999f-d09b1e5f784e",TRUE,TRUE,TRUE,TRUE,TRUE,TRUE,TRUE,TRUE,"Summon","5d612747-0763-45db-ad54-91a63a0078e0"
"bd5aeac8-f085-4156-b7c8-f4cb1b37917f",TRUE,FALSE,TRUE,TRUE,TRUE,TRUE,TRUE,TRUE,"Weapon","1ab7e72e-2b0e-4ed0-a3f6-6510daf2365e"
"bd121eac-6764-4bbd-97dd-be10c5a37420",TRUE,TRUE,TRUE,TRUE,TRUE,TRUE,TRUE,TRUE,"Weapon","3d24c722-9f86-4251-81cb-50dd4b244e98"
"bcfc27d2-c838-4c82-abb3-04320cc43234",TRUE,FALSE,TRUE,TRUE,TRUE,TRUE,TRUE,TRUE,"Summon","5cbf0114-42cd-4783-a6ca-5608b862ecb9"
"bbb628ec-6067-4aa0-9f2a-8e842fc73eab",TRUE,TRUE,TRUE,TRUE,TRUE,TRUE,TRUE,TRUE,"Weapon","7111efcc-0834-4499-a80b-c3640aaac2e2"
"bba05a37-7465-4a4c-8a55-aa848a695885",TRUE,FALSE,TRUE,TRUE,TRUE,TRUE,TRUE,TRUE,"Weapon","058012f2-fa06-49a3-8a0d-49d5562c7df8"
"bb31e278-d29a-4304-92ca-fec3bd5f775b",TRUE,FALSE,TRUE,TRUE,TRUE,TRUE,TRUE,TRUE,"Weapon","fbe51dc8-d59e-4ef5-b195-f7796ec554b2"
"bb316714-3208-473b-a188-be9f46f1a420",TRUE,TRUE,TRUE,TRUE,TRUE,TRUE,TRUE,TRUE,"Weapon","230163cc-a58a-49d5-84e7-5e534e844248"
"ba4b17f9-10df-4795-8c15-7d4fa821bac4",TRUE,TRUE,TRUE,TRUE,TRUE,TRUE,TRUE,TRUE,"Weapon","46e9798c-a5b4-4d9b-941d-c5b14c0e9761"
"b9ece30f-17f2-4bd3-8572-9a778177a30a",TRUE,FALSE,TRUE,TRUE,TRUE,TRUE,TRUE,TRUE,"Weapon","b08fd5cc-916b-4201-b177-4504a9a99318"
"b925160e-7243-488d-91c6-53aef727a747",TRUE,TRUE,TRUE,TRUE,TRUE,TRUE,TRUE,TRUE,"Summon","bbdef6ff-b3b8-4907-94ef-798c4a70c25b"
"b8395484-5fac-4a41-afcc-6467cfd89ec7",TRUE,FALSE,TRUE,TRUE,TRUE,TRUE,TRUE,TRUE,"Weapon","f8c7d2b8-f251-43c8-9da0-f6549fc99537"
"b7078cc0-4799-4259-876f-f9b790d53311",TRUE,TRUE,TRUE,TRUE,TRUE,TRUE,TRUE,TRUE,"Summon","1e3be2f2-803c-4cff-802d-785f3b682cfb"
"b55fd889-a42d-4d12-a6d5-0492ea16f2ac",TRUE,TRUE,TRUE,TRUE,TRUE,TRUE,TRUE,TRUE,"Summon","8c721be8-8bbe-4f17-be34-72e0ef8b0fd2"
"b4effc2f-c646-41d0-bbe1-ac31dea544d3",TRUE,TRUE,TRUE,TRUE,TRUE,TRUE,TRUE,TRUE,"Weapon","9c224a45-de35-4b76-be41-27bc33de24e0"
"b31812a9-0644-4311-aabb-d179c96492fa",TRUE,FALSE,TRUE,TRUE,TRUE,TRUE,TRUE,TRUE,"Weapon","b79ee120-17d7-40b5-88bb-411c65de0e33"
"b30512d7-848f-4637-98c2-e0c55be10e2b",TRUE,FALSE,TRUE,TRUE,TRUE,TRUE,TRUE,TRUE,"Weapon","dd30fa50-2230-490f-8772-69445eb82754"
"b2b221c5-83fb-4733-ac23-bfeb264f3d20",TRUE,TRUE,TRUE,TRUE,TRUE,TRUE,TRUE,TRUE,"Weapon","326c7350-e7b7-406d-a554-291603a3f3a3"
"b295aa37-d335-43ab-8858-e8a88467cd11",TRUE,FALSE,TRUE,TRUE,TRUE,TRUE,TRUE,TRUE,"Weapon","0688a154-b164-4a9e-adcb-dfb047182d20"
"b26da122-0a7d-4c30-8562-572e8b84ded8",TRUE,FALSE,TRUE,TRUE,TRUE,TRUE,TRUE,TRUE,"Summon","9016540f-a0eb-484e-bf3a-53cb4b0e2310"
"b1879bd3-845d-42ef-b45a-2156f7ca9c80",TRUE,FALSE,TRUE,TRUE,TRUE,TRUE,TRUE,TRUE,"Weapon","94724338-88cd-4cb7-820a-2915d23e84cf"
"b10b4e6e-ec2f-4160-8d19-831d9dddd2b2",TRUE,FALSE,TRUE,TRUE,TRUE,TRUE,TRUE,TRUE,"Weapon","cae200b5-98f9-4d64-b8bc-575690be4f6d"
"b0b85639-cc9b-4303-8e51-7cb9b9c22d59",TRUE,TRUE,TRUE,TRUE,TRUE,TRUE,TRUE,TRUE,"Summon","caa71847-072e-4437-abb2-19b4f34943c0"
"b050915c-41e0-4737-a0b9-c4cdd03f8117",TRUE,TRUE,TRUE,TRUE,TRUE,TRUE,TRUE,TRUE,"Summon","16753cf6-b416-4358-a096-16e1b9bdfe34"
"b00d19eb-2c3c-42c1-ae4f-b17badade6cb",TRUE,TRUE,TRUE,TRUE,TRUE,TRUE,TRUE,TRUE,"Summon","86d0b909-c0eb-4307-ad0a-61c716e848c5"
"aff41e99-d144-44ea-95b9-66876b04e888",TRUE,TRUE,TRUE,TRUE,TRUE,TRUE,TRUE,TRUE,"Weapon","b3a04d37-35d6-423d-9414-a4036dbcb739"
"af165f5b-6c21-4e29-ad8a-86e84b5b5841",TRUE,TRUE,TRUE,TRUE,TRUE,TRUE,TRUE,TRUE,"Summon","2a0f51b4-ac26-49bf-a1d3-e2b78d14fd37"
"ae90978c-5fa1-40e8-9bdc-66bdadcc7a32",TRUE,FALSE,TRUE,TRUE,TRUE,TRUE,TRUE,TRUE,"Summon","788cdc08-9749-4353-bddb-6d53a2053555"
"ae559767-fcda-4930-8d54-5cb965868ae0",TRUE,FALSE,TRUE,TRUE,TRUE,TRUE,TRUE,TRUE,"Summon","36e613e5-e9b8-4a67-9760-da3577976979"
"ae4ca56a-f99a-4e9d-a140-4be3dde197d9",TRUE,TRUE,TRUE,TRUE,TRUE,TRUE,TRUE,TRUE,"Summon","04302038-a8dc-4860-a09a-257c0a6ac2a9"
"aa750b71-3d05-41ab-8d44-22f7f0197e02",TRUE,TRUE,TRUE,TRUE,TRUE,TRUE,TRUE,TRUE,"Weapon","e18ec0f1-40ca-4531-93fa-97176b30a1ca"
"aa473cf2-839a-4ff3-809d-d8681c8830b0",TRUE,FALSE,TRUE,TRUE,TRUE,TRUE,TRUE,TRUE,"Weapon","055c6e4a-5a72-4e03-9187-eacdfeccf309"
"a98f6f0a-3e8d-4dc7-9a73-46176f0936bf",TRUE,TRUE,TRUE,TRUE,TRUE,TRUE,TRUE,TRUE,"Summon","bfb38856-cd10-4071-9fb7-a1102aabfb1b"
"a96c587c-392c-4c77-989a-ee83f9c0ca6a",TRUE,FALSE,TRUE,TRUE,TRUE,TRUE,TRUE,TRUE,"Weapon","c69facbe-24d3-46d2-8263-1945b6a9e7c3"
"a86f0e38-7162-47a1-82d6-32b5007ecb01",TRUE,FALSE,TRUE,TRUE,TRUE,TRUE,TRUE,TRUE,"Weapon","9f41d80d-b3f2-4156-9043-9dbcf460e368"
"a634556c-8809-4d8d-bfaf-12f9fa3bdc95",TRUE,TRUE,TRUE,TRUE,TRUE,TRUE,TRUE,TRUE,"Weapon","4095a20d-9ca9-494c-932f-3dd256ce0a48"
"a5fb2c80-6f37-4d87-88d9-98bcc2f351da",TRUE,FALSE,TRUE,TRUE,TRUE,TRUE,TRUE,TRUE,"Weapon","f128db0e-c9b1-42c5-8cb3-7723206bf987"
"a55bea17-1c9d-4751-8187-7933e80a0867",TRUE,TRUE,TRUE,TRUE,TRUE,TRUE,TRUE,TRUE,"Summon","94e0fde4-e960-43c2-a9ea-a69da3886855"
"a4e93d23-54e5-45e8-9718-e758ea089dc9",TRUE,FALSE,TRUE,TRUE,TRUE,TRUE,TRUE,TRUE,"Weapon","fed240f6-b1e3-469e-85e1-a2dd3e6c948a"
"a4bb6288-5f6d-4854-861e-d73b381cd2c5",TRUE,FALSE,TRUE,TRUE,TRUE,TRUE,TRUE,TRUE,"Weapon","8599388c-2dd8-4c64-ae04-ed21b117c43b"
"a37b25aa-961b-404f-999e-46a6e9b070d8",TRUE,FALSE,TRUE,TRUE,TRUE,TRUE,TRUE,TRUE,"Weapon","8aa6fd85-d122-4f9d-9335-2e9ed5499661"
"a27d68fa-d1a4-490a-bfe0-2026d1c3b9b0",TRUE,FALSE,TRUE,TRUE,TRUE,TRUE,TRUE,TRUE,"Weapon","cc3804a2-749b-427f-9821-ca5d16de68af"
"a1b1839f-865d-474b-8edd-1a98bd952df1",TRUE,FALSE,TRUE,TRUE,TRUE,TRUE,TRUE,TRUE,"Weapon","712a038d-8c82-4b41-8d02-05f182d0d686"
"a142de55-9210-4a78-8897-045cf2001504",TRUE,TRUE,TRUE,TRUE,TRUE,TRUE,TRUE,TRUE,"Weapon","323422e9-0d0d-4a78-84e5-cba1eb78edb8"
"a096bd9c-e2bd-444f-bfc5-af795dabc703",TRUE,FALSE,TRUE,TRUE,TRUE,TRUE,TRUE,TRUE,"Weapon","60988f65-7a22-4e36-bb35-ac8535947f88"
"9f8db95f-5edf-416d-9532-c0ba598e1f40",TRUE,TRUE,TRUE,TRUE,TRUE,TRUE,TRUE,TRUE,"Weapon","c7b0ba65-6c34-47f5-927e-dda581150e3f"
"9f1ea544-ee8a-44f3-afe3-ed1f35897a54",TRUE,TRUE,TRUE,TRUE,TRUE,TRUE,TRUE,TRUE,"Weapon","a23b628d-cfe0-42bd-bc68-4adaf1d456dd"
"9ef08d5e-2a51-415e-b8f3-94a6eaa2bec9",TRUE,FALSE,TRUE,TRUE,TRUE,TRUE,TRUE,TRUE,"Weapon","59c437ae-c0ec-47e5-859d-4642d34a6a6a"
"9edc137f-4192-43fd-9fd9-ef5128bae07f",TRUE,TRUE,TRUE,TRUE,TRUE,TRUE,TRUE,TRUE,"Weapon","6f551c8b-d680-4c31-a361-d8e89d9a16e9"
"9e00fe8e-e74a-4ef7-af97-948cd8cd54fa",TRUE,FALSE,TRUE,TRUE,TRUE,TRUE,TRUE,TRUE,"Weapon","ea4fcc43-07e5-43a6-84ff-cfe763517133"
"9ba89668-ec2c-4bc1-bcf9-fafece819ded",TRUE,FALSE,TRUE,TRUE,TRUE,TRUE,TRUE,TRUE,"Weapon","09fb88ea-9365-41a4-9c2e-ba7d2bb14de3"
"9a1cdfc2-09f1-48f0-8714-c958ec9204df",TRUE,FALSE,TRUE,TRUE,TRUE,TRUE,TRUE,TRUE,"Summon","88919d6e-44ed-47b5-b43e-09c5a9fecd53"
"98cd31ea-0987-4961-bcfb-40b02e82121b",TRUE,FALSE,TRUE,TRUE,TRUE,TRUE,TRUE,TRUE,"Weapon","dbbd7f7f-13bd-4d6a-a10f-697b92bd9e41"
"9838528c-08f5-42dc-8bb6-3630c957e9f1",TRUE,FALSE,TRUE,TRUE,TRUE,TRUE,TRUE,TRUE,"Summon","3bedbba8-75b1-43ef-be40-5ef26d32c17b"
"964eb58d-1ce8-46e7-a0fd-5094f8abeddc",TRUE,FALSE,TRUE,TRUE,TRUE,TRUE,TRUE,TRUE,"Weapon","b6de1d66-ae6a-44c8-a2cf-700cf79cc84a"
"952fc5ab-ac7f-4ec9-a61b-d61f65b1830b",TRUE,FALSE,TRUE,TRUE,TRUE,TRUE,TRUE,TRUE,"Weapon","cb97f3d6-2852-47d3-8aaa-73e84263036e"
"950a121b-ec20-4399-968f-289ec606e2eb",TRUE,FALSE,TRUE,TRUE,TRUE,TRUE,TRUE,TRUE,"Summon","4a95af46-1459-42b2-ab45-cd46c25dbaaa"
"94ad4f42-3a9f-4dfb-8cce-7642bc4476d7",TRUE,TRUE,TRUE,TRUE,TRUE,TRUE,TRUE,TRUE,"Weapon","7e6c8887-6350-4305-af34-fbe71ea02a6b"
"94898660-a336-4f4c-9283-5c8040e10361",TRUE,TRUE,TRUE,TRUE,TRUE,TRUE,TRUE,TRUE,"Weapon","73a6093a-ccfb-4b13-acb4-ef06d1c25348"
"9400ca30-fd88-49c6-8d56-a4e8628acbe5",TRUE,TRUE,TRUE,TRUE,TRUE,TRUE,TRUE,TRUE,"Weapon","54f81591-58e9-451c-9cca-17797b015e01"
"93e58d6e-3a72-4163-bd09-2888b369623c",TRUE,FALSE,TRUE,TRUE,TRUE,TRUE,TRUE,TRUE,"Summon","766d94e2-6dd3-45e5-8576-630813afcbbe"
"935d1bf6-b133-423c-a70c-2510b06f1a85",TRUE,FALSE,TRUE,TRUE,TRUE,TRUE,TRUE,TRUE,"Summon","06d3f4e6-edd0-42ee-8df7-813dd792c639"
"92288979-5c91-4546-ba21-a3f34fefc732",TRUE,TRUE,TRUE,TRUE,TRUE,TRUE,TRUE,TRUE,"Weapon","50130108-7a65-45b0-a71a-bcb9611209b0"
"912fd9dc-a21b-4bb2-ba99-c4734f5efe5d",TRUE,FALSE,TRUE,TRUE,TRUE,TRUE,TRUE,TRUE,"Weapon","af14c4eb-c3b3-4148-b88c-61590d286910"
"90f5048d-361c-4f73-9bab-e3ad5ac386e0",TRUE,FALSE,TRUE,TRUE,TRUE,TRUE,TRUE,TRUE,"Weapon","d794e7ba-67bd-42cf-8a74-5ab121e95a38"
"90a8a5b5-4751-44ae-90b0-c6495651a121",TRUE,TRUE,TRUE,TRUE,TRUE,TRUE,TRUE,TRUE,"Summon","284017b6-14c9-4232-becc-296589a7cbf7"
"9061a221-2017-4b97-8c0b-d628fbc81274",TRUE,TRUE,TRUE,TRUE,TRUE,TRUE,TRUE,TRUE,"Weapon","6e5afa2a-3417-4dbf-8a54-926c491ff159"
"9039a215-c27e-42fa-9505-685d79060b3f",TRUE,TRUE,TRUE,TRUE,TRUE,TRUE,TRUE,TRUE,"Weapon","5dd6d258-d993-43d9-a0c3-b0a0f1f0bd06"
"8fb90e37-dd96-4bd4-993c-d39d83555af3",TRUE,FALSE,TRUE,TRUE,TRUE,TRUE,TRUE,TRUE,"Weapon","9e90d365-2f64-44b7-8a4c-12a1aedb9465"
"8fb16b41-74b1-4840-8a67-2e44775d3626",TRUE,FALSE,TRUE,TRUE,TRUE,TRUE,TRUE,TRUE,"Weapon","e1141fab-a9b9-4dea-8975-667986115b96"
"8f266a81-ca31-4cf8-9d93-cdbb35d91b70",TRUE,TRUE,TRUE,TRUE,TRUE,TRUE,TRUE,TRUE,"Weapon","e03d52e5-4a8c-48a5-8a4b-6903444f7c41"
"8eaec981-bf3a-462f-b3e6-41b7ffd13121",TRUE,TRUE,TRUE,TRUE,TRUE,TRUE,TRUE,TRUE,"Summon","72f7448f-191b-4103-9374-489664b9cb86"
"8e7da27f-d0b1-42cd-a371-f10cc42a0786",TRUE,TRUE,TRUE,TRUE,TRUE,TRUE,TRUE,TRUE,"Weapon","cbbc509f-dece-4fd6-9855-4303bf93d0bd"
"8e7a0c68-67ec-4d99-b592-d7a322b15e9c",TRUE,FALSE,TRUE,TRUE,TRUE,TRUE,TRUE,TRUE,"Weapon","47b9e21b-7b0e-42c3-87ac-a7a728c9121b"
"8db1b735-1340-4d8e-9798-b0dffc792bdb",TRUE,FALSE,TRUE,TRUE,TRUE,TRUE,TRUE,TRUE,"Weapon","dd6e688f-f554-4dfd-81de-5a4a5b5183b2"
"8d30e3eb-a768-4e87-8cd9-cfbf17b4f3b7",TRUE,TRUE,TRUE,TRUE,TRUE,TRUE,TRUE,TRUE,"Summon","675ca8dc-566e-4dba-a2a0-99d2798e2286"
"8d08ec36-4380-4f73-a4f4-1f663f8dcba5",TRUE,FALSE,TRUE,TRUE,TRUE,TRUE,TRUE,TRUE,"Weapon","b2b07aba-96d6-4470-8595-e742fd3447ae"
"8c3994b0-766c-4ea1-a15a-3678ad6fa864",TRUE,FALSE,TRUE,TRUE,TRUE,TRUE,TRUE,TRUE,"Weapon","950040e6-fea8-40f1-9f5a-29cbe44a280e"
"89b9def7-4cf6-4422-a3b8-25271c4c6ccc",TRUE,FALSE,TRUE,TRUE,TRUE,TRUE,TRUE,TRUE,"Weapon","cfc6ca84-f2a0-47c0-8fb0-c273ffb38a98"
"877ab790-0595-4023-b710-862d734387bc",TRUE,TRUE,TRUE,TRUE,TRUE,TRUE,TRUE,TRUE,"Summon","41c09f61-1fba-43a6-9a8b-1ef037dd49e4"
"872d2a4e-20f6-44ef-ab70-29a4842d89b9",TRUE,TRUE,TRUE,TRUE,TRUE,TRUE,TRUE,TRUE,"Weapon","828cf4f6-5781-4371-825a-4d12218cd775"
"86970c8f-4b2d-4457-8a44-0a8ddf2bfe45",TRUE,TRUE,TRUE,TRUE,TRUE,TRUE,TRUE,TRUE,"Weapon","4e52e29a-10e9-4775-a492-7ee0321ba275"
"860cf72e-974b-4655-a949-0cd6da8f1008",TRUE,FALSE,TRUE,TRUE,TRUE,TRUE,TRUE,TRUE,"Weapon","b25634e5-9678-4221-95fa-3d7a95854561"
"852fd9e2-2d78-46be-b02d-bd69d15c20f6",TRUE,FALSE,TRUE,TRUE,TRUE,TRUE,TRUE,TRUE,"Weapon","5a8df2c7-dcb8-4a51-8625-e2f62175b3d0"
"84b28dfe-ea5f-4cca-9fc5-a5469081b0c3",TRUE,TRUE,TRUE,TRUE,TRUE,TRUE,TRUE,TRUE,"Weapon","348bf999-b322-42b8-8bc0-8e4db6a9fd29"
"83a6f547-c903-415f-b5d3-b0d35a66158f",TRUE,FALSE,TRUE,TRUE,TRUE,TRUE,TRUE,TRUE,"Summon","6245e037-b1fe-459f-8124-f36fec6fd227"
"83a0cd4f-a6df-47b7-a2c9-a04629630a4a",TRUE,TRUE,TRUE,TRUE,TRUE,TRUE,TRUE,TRUE,"Summon","7042625b-fcd9-4121-a457-9743cbe66c69"
"8358d3a5-31dd-4168-96ca-60f2de1c37ca",TRUE,FALSE,TRUE,TRUE,TRUE,TRUE,TRUE,TRUE,"Summon","ed6b1cb5-ac92-4138-ae64-5d63adde01e4"
"826a7bd1-3f5b-4174-b57f-75793fca2f5f",TRUE,FALSE,TRUE,TRUE,TRUE,TRUE,TRUE,TRUE,"Summon","28168884-e7e2-4d50-b385-2e3f0cd98c52"
"82569c01-ddfa-4eea-8928-8a0923126492",TRUE,FALSE,TRUE,TRUE,TRUE,TRUE,TRUE,TRUE,"Weapon","c628685f-be41-4926-9166-b25c5ed6e6a2"
"81f4601b-f55f-419c-916e-6089dbdfc09f",TRUE,FALSE,TRUE,TRUE,TRUE,TRUE,TRUE,TRUE,"Weapon","41865308-69f6-492e-9399-c7db313454ab"
"81e4e6aa-4627-4351-87a9-a2fdda44b4c8",TRUE,FALSE,TRUE,TRUE,TRUE,TRUE,TRUE,TRUE,"Summon","fcd0602c-1c1d-492e-b7ea-057763a0fa73"
"817a3c23-93ef-4498-aa75-fb63f456fdf6",TRUE,FALSE,TRUE,TRUE,TRUE,TRUE,TRUE,TRUE,"Weapon","58654973-c7a0-468f-a4d1-4a854306bc8f"
"8084c9cd-a206-4599-ac02-8c1fe59f9a3d",TRUE,TRUE,TRUE,TRUE,TRUE,TRUE,TRUE,TRUE,"Weapon","95b5bcb0-0ab0-4812-8727-b274a0935e09"
"805d1359-c645-4616-a248-e69e62146a07",TRUE,TRUE,TRUE,TRUE,TRUE,TRUE,TRUE,TRUE,"Weapon","f3c8d304-8bf6-4378-906d-9895594e4e48"
"80428c1d-3565-4a30-a939-8e8118d7f000",TRUE,TRUE,TRUE,TRUE,TRUE,TRUE,TRUE,TRUE,"Weapon","c21de10c-effd-4d34-bf68-b5a5c151d24a"
"7f0c25ae-4ef7-4fb6-9a99-e5138a3bdae6",TRUE,TRUE,TRUE,TRUE,TRUE,TRUE,TRUE,TRUE,"Weapon","ca939003-7d3b-49a8-8fd3-1c1ebb44f793"
"7edb8c49-0a0d-4fca-a4b5-bf4d06817e8c",TRUE,TRUE,TRUE,TRUE,TRUE,TRUE,TRUE,TRUE,"Weapon","37aad292-ab87-4fba-a8e1-bae59326ecdb"
"7e806f2f-4fa7-46f9-9c2e-15d451487714",TRUE,TRUE,TRUE,TRUE,TRUE,TRUE,TRUE,TRUE,"Weapon","64e50067-967b-4002-8522-0b5cb766871c"
"7d60f37e-0a84-431b-94b0-2dad2891808e",TRUE,TRUE,TRUE,TRUE,TRUE,TRUE,TRUE,TRUE,"Weapon","3537eb37-26b3-45eb-862b-a14d103fb45b"
"7d230ece-50bf-49ba-9bd3-ec461f4b1782",TRUE,TRUE,TRUE,TRUE,TRUE,TRUE,TRUE,TRUE,"Summon","61d81438-10df-4c0d-b079-ff3e06078855"
"7d11a064-70c5-4175-81ea-a0f7d54d13fd",TRUE,FALSE,TRUE,TRUE,TRUE,TRUE,TRUE,TRUE,"Weapon","7104dc4c-ef36-42d0-8ffe-df19bb1b4e67"
"7d02fd83-bc07-4a81-8e6d-05c89abc2972",TRUE,TRUE,TRUE,TRUE,TRUE,TRUE,TRUE,TRUE,"Weapon","7f639d16-0edb-4f24-9dd8-628fc30fb929"
"7c8f9f05-61b5-4b7e-bf13-4323dab0eb2b",TRUE,FALSE,TRUE,TRUE,TRUE,TRUE,TRUE,TRUE,"Weapon","1d6b13a3-f200-4fb0-b35b-76120d677d6f"
"7c29f034-0d93-475e-9e7c-bad0130284c2",TRUE,TRUE,TRUE,TRUE,TRUE,TRUE,TRUE,TRUE,"Weapon","0a760aa3-d8f6-4750-9d49-5c8c44f6f9e4"
"7c0c8fc3-22a0-4be2-bca6-015c0de073bb",TRUE,FALSE,TRUE,TRUE,TRUE,TRUE,TRUE,TRUE,"Summon","db571fa2-5538-48d8-889f-e72415632845"
"7a053b82-3d13-4417-be7a-6dd909f48b1f",TRUE,FALSE,TRUE,TRUE,TRUE,TRUE,TRUE,TRUE,"Weapon","fda5c8ee-0cd6-45c9-89a3-01c1dcc7d7b5"
"7977cb0a-d43a-4e80-9f95-2de435d5ef1f",TRUE,TRUE,TRUE,TRUE,TRUE,TRUE,TRUE,TRUE,"Weapon","995a2ca3-7d46-4a32-8b68-cff9f4a1e2b9"
"79739866-e834-459f-90d1-a38cdda85c72",TRUE,TRUE,TRUE,TRUE,TRUE,TRUE,TRUE,TRUE,"Summon","942fbe70-2ff2-4195-a435-5b526acac37f"
"78dec753-119f-413a-8d5f-41d6d28bbad1",TRUE,TRUE,TRUE,TRUE,TRUE,TRUE,TRUE,TRUE,"Summon","321fbf70-51c0-4684-bad8-5eafed87fc20"
"789441d7-68bb-4b93-8df0-4b1dd7d581a1",TRUE,FALSE,TRUE,TRUE,TRUE,TRUE,TRUE,TRUE,"Weapon","9539be9c-ed76-4e0c-800a-54873e68a9cd"
"78460dae-6f33-403d-bcc6-8d00717cd932",TRUE,TRUE,TRUE,TRUE,TRUE,TRUE,TRUE,TRUE,"Weapon","bb55e0fd-94ac-4b4e-9e20-51ce9891b5fb"
"78346fa2-dab3-4535-a862-ad72d962f5e9",TRUE,FALSE,TRUE,TRUE,TRUE,TRUE,TRUE,TRUE,"Weapon","7971ee2f-1dc6-4169-aaed-0a38253def65"
"76702bbd-5697-4136-9583-418545609273",TRUE,TRUE,TRUE,TRUE,TRUE,TRUE,TRUE,TRUE,"Weapon","a701caa0-7e07-4f06-acb2-778076341c44"
"752e9a5b-f793-4dd7-890b-366ba2290dfc",TRUE,TRUE,TRUE,TRUE,TRUE,TRUE,TRUE,TRUE,"Weapon","19d1fc9c-bd5c-4320-9c95-d79fb15669d7"
"7498fc45-a1be-4426-adc4-5b4cb6140c3f",TRUE,TRUE,TRUE,TRUE,TRUE,TRUE,TRUE,TRUE,"Weapon","f35989f4-a74e-4947-8d98-22f4b0b3eefe"
"739b6b2e-dd87-4bec-82eb-c0c9beded488",TRUE,FALSE,TRUE,TRUE,TRUE,TRUE,TRUE,TRUE,"Weapon","bb56c408-2244-4482-9b92-1d2d186ccaef"
"736e65c3-ccb1-49c4-8f98-e8c68caa2ab2",TRUE,TRUE,TRUE,TRUE,TRUE,TRUE,TRUE,TRUE,"Weapon","07013318-4b17-4f6e-b815-d7bba5855b0e"
"72b96584-ea36-4913-81ad-cca53d523bd1",TRUE,TRUE,TRUE,TRUE,TRUE,TRUE,TRUE,TRUE,"Weapon","bb7c2376-213c-4c99-8958-f44013041b4c"
"722def6a-c18c-4ad6-92a0-b819e7bcb476",TRUE,FALSE,TRUE,TRUE,TRUE,TRUE,TRUE,TRUE,"Weapon","2048b79d-e2bb-4612-890f-100075e26742"
"71c3ad11-bbaa-4cbf-99ce-f5d03086aa3a",TRUE,TRUE,TRUE,TRUE,TRUE,TRUE,TRUE,TRUE,"Summon","cdc5c083-22b2-4424-9475-6ae85c704cab"
"7157856c-1ee2-4150-b582-447f402f7777",TRUE,TRUE,TRUE,TRUE,TRUE,TRUE,TRUE,TRUE,"Weapon","0cd626bf-6b61-4a10-8af3-6235f137167f"
"70be8fc0-47a7-4654-b03e-d736a7bb2ed5",TRUE,FALSE,TRUE,TRUE,TRUE,TRUE,TRUE,TRUE,"Weapon","aaed0965-0b33-4ca4-a4b5-eb140756df48"
"70182ecc-f4c1-44c7-8d7e-551face97a5e",TRUE,FALSE,TRUE,TRUE,TRUE,TRUE,TRUE,TRUE,"Weapon","f96c8aeb-1483-4c14-b439-1d04c2f86b79"
"6fce6bcd-7fcf-4866-9df2-1ed2106c46f9",TRUE,TRUE,TRUE,TRUE,TRUE,TRUE,TRUE,TRUE,"Weapon","8be577f6-e2e3-4c8b-8c8c-ee9bcfb2ff32"
"6e7cc869-ab12-4836-817b-417656be10eb",TRUE,TRUE,TRUE,TRUE,TRUE,TRUE,TRUE,TRUE,"Weapon","93714af3-f533-4838-8095-334957fc08c2"
"6e5d3c64-b9f3-40a8-a7da-166ee0df9b06",TRUE,FALSE,TRUE,TRUE,TRUE,TRUE,TRUE,TRUE,"Weapon","fb0a4937-5b87-4358-813c-8b5e185e3aa0"
"6e56e37f-6dd2-4b1f-afe8-0d915d08f5c2",TRUE,FALSE,TRUE,TRUE,TRUE,TRUE,TRUE,TRUE,"Summon","b203a9bc-9453-4090-91cc-84532b709d58"
"6e413169-ff53-4168-9e94-3d6bc9ba0b3d",TRUE,FALSE,TRUE,TRUE,TRUE,TRUE,TRUE,TRUE,"Weapon","5e04ad1f-cc52-4b53-b16c-339d8c4fa78f"
"6e01798e-ab40-4daf-b9d2-bd4b24430c22",TRUE,TRUE,TRUE,TRUE,TRUE,TRUE,TRUE,TRUE,"Summon","225b76ca-7202-41de-968d-a89e3f6d0dd0"
"6d3763c0-08c9-429f-b62a-0434b33a18a8",TRUE,FALSE,TRUE,TRUE,TRUE,TRUE,TRUE,TRUE,"Summon","d7425942-7a24-4ef5-9e71-85f4d88ad631"
"6cfb27ad-c77f-4b6f-97e7-7ff36d515df9",TRUE,TRUE,TRUE,TRUE,TRUE,TRUE,TRUE,TRUE,"Summon","69721f57-aaa4-4438-8ce6-2b3a9c9725ca"
"6ce28fb7-98f5-4f56-bd4f-2821ddb04719",TRUE,FALSE,TRUE,TRUE,TRUE,TRUE,TRUE,TRUE,"Weapon","bcb5bf18-930a-4995-b506-1e542794a93e"
"6cd2464d-3954-4b6c-be12-5d1519283b64",TRUE,TRUE,TRUE,TRUE,TRUE,TRUE,TRUE,TRUE,"Weapon","fea88307-c997-48d9-965b-d1db827c33ba"
"6c60a56b-ff8b-45e2-b894-2a65e8bebba1",TRUE,TRUE,TRUE,TRUE,TRUE,TRUE,TRUE,TRUE,"Summon","6b6d248c-5e3c-4514-bbf6-35ca083dbe6c"
"6ae546eb-44d4-4539-b03e-930ca2dfef17",TRUE,FALSE,TRUE,TRUE,TRUE,TRUE,TRUE,TRUE,"Summon","4d0dfd74-354e-4b95-92c8-d176749dbd56"
"6a4f0ea2-4256-415f-bb7a-699613652acf",TRUE,TRUE,TRUE,TRUE,TRUE,TRUE,TRUE,TRUE,"Summon","ee4eb62b-7112-4f9a-8ef8-0a40ff8bc283"
"69fd3da6-c792-4f0e-97d6-7b6f821c935a",TRUE,FALSE,TRUE,TRUE,TRUE,TRUE,TRUE,TRUE,"Weapon","322ac609-edab-4d89-bf5d-4e41d56b8e30"
"69ab0036-18ba-4cab-ac5e-3d97bcf4dea8",TRUE,TRUE,TRUE,TRUE,TRUE,TRUE,TRUE,TRUE,"Summon","70da6d95-71a1-47ea-a461-08af122c666d"
"698fc05e-7142-425f-af3c-9cf985d21467",TRUE,FALSE,TRUE,TRUE,TRUE,TRUE,TRUE,TRUE,"Weapon","d72a89ea-9a97-46cb-8f0f-b128ad8686a9"
"68bc4132-1919-41b3-b7a1-ac513ff1a6dd",TRUE,FALSE,TRUE,TRUE,TRUE,TRUE,TRUE,TRUE,"Weapon","5f8876e9-42a3-4110-b0b1-c2b0e001ce28"
"68354380-c610-4cec-8225-613088e9ed09",TRUE,FALSE,TRUE,TRUE,TRUE,TRUE,TRUE,TRUE,"Weapon","9e807aa5-be55-4deb-993f-e3b2925c7ede"
"66a8ddd6-5ac1-4fb7-91a3-59625f171cb2",TRUE,FALSE,TRUE,TRUE,TRUE,TRUE,TRUE,TRUE,"Weapon","a062fa84-48e1-4c9b-a067-4347eb4e198a"
"66723c2e-d683-43d5-99ff-4612dab6918c",TRUE,TRUE,TRUE,TRUE,TRUE,TRUE,TRUE,TRUE,"Weapon","8115ee7f-82cf-463e-a0ac-73b5c7c2929f"
"65865fbe-0806-42f2-9db0-e73e318323ca",TRUE,FALSE,TRUE,TRUE,TRUE,TRUE,TRUE,TRUE,"Weapon","c3372100-5317-4455-9a1b-65446f031026"
"6444433f-8366-4391-975a-b7eaa37cc3da",TRUE,TRUE,TRUE,TRUE,TRUE,TRUE,TRUE,TRUE,"Weapon","00f1192b-5aa6-4055-b72b-74860e0883d6"
"640914d3-d630-4139-b203-6b0e3ec0b2b6",TRUE,TRUE,TRUE,TRUE,TRUE,TRUE,TRUE,TRUE,"Summon","713a8271-3c72-4e33-87ab-65436c4bad92"
"63c76bf4-c14f-4c83-bb50-2da742f9824f",TRUE,FALSE,TRUE,TRUE,TRUE,TRUE,TRUE,TRUE,"Summon","27aa1e76-f36c-42a7-a213-09be9d192026"
"63961d7b-2ca6-48e1-a043-0de5f7b05b25",TRUE,FALSE,TRUE,TRUE,TRUE,TRUE,TRUE,TRUE,"Summon","04fff7fb-991e-4572-8e46-fff4e432265c"
"638aec85-7a04-47dc-839c-1560bdca9434",TRUE,TRUE,TRUE,TRUE,TRUE,TRUE,TRUE,TRUE,"Weapon","e7fc8d5e-7da9-48d5-a1d8-41592d91676b"
"6350804d-b992-4160-8c7e-cf531f68aa5f",TRUE,TRUE,TRUE,TRUE,TRUE,TRUE,TRUE,TRUE,"Weapon","7d49340b-7e54-4ed4-a611-24b1a42a44d0"
"63235778-7e97-4091-81b4-cb294f6cf850",TRUE,FALSE,TRUE,TRUE,TRUE,TRUE,TRUE,TRUE,"Weapon","4800190e-a45c-40fa-b06a-379430919b76"
"6294a33a-84d6-4814-aeb3-deec4b6a4486",TRUE,FALSE,TRUE,TRUE,TRUE,TRUE,TRUE,TRUE,"Weapon","f45bca2f-1241-4474-9535-65fd4e031bd7"
"62912343-7795-4042-81a9-b27a5d614567",TRUE,FALSE,TRUE,TRUE,TRUE,TRUE,TRUE,TRUE,"Weapon","b3bb845e-19e2-409f-9066-36d29031d857"
"62245670-5450-46de-ad3e-b6f34e368a56",TRUE,TRUE,TRUE,TRUE,TRUE,TRUE,TRUE,TRUE,"Weapon","074eeeed-5f67-4efe-b74c-55ddc454dfae"
"61f9a96f-cfa9-4bfa-9bc9-e13a952e69a4",TRUE,TRUE,TRUE,TRUE,TRUE,TRUE,TRUE,TRUE,"Summon","a84ea46b-30d7-415d-87bb-157bb4593f89"
"61e7ce62-cb47-4db9-a6b2-cafab964ea81",TRUE,TRUE,TRUE,TRUE,TRUE,TRUE,TRUE,TRUE,"Summon","1b22c482-4deb-4401-8a30-e0c78c1506f1"
"60c37bab-c1d0-4215-a9e0-8fe20cb666a1",TRUE,FALSE,TRUE,TRUE,TRUE,TRUE,TRUE,TRUE,"Summon","b8a94dc2-c17f-4bdd-a00e-f1771a3ea5af"
"5f72cc43-4f6a-4784-bc13-76eb059e874e",TRUE,TRUE,TRUE,TRUE,TRUE,TRUE,TRUE,TRUE,"Weapon","cf523368-6f4d-4a76-8107-35fa8588de98"
"5f052791-ba0a-4ee2-8c1a-29537c21e4df",TRUE,TRUE,TRUE,TRUE,TRUE,TRUE,TRUE,TRUE,"Weapon","d2248711-74cf-476a-9116-bb541fafd548"
"5d9a8cdc-02b0-4d8d-94f3-31a3915097ed",TRUE,FALSE,TRUE,TRUE,TRUE,TRUE,TRUE,TRUE,"Weapon","ce7170be-2377-44ab-bab0-80e98a0fea63"
"5cf5fc73-8fb9-45a0-a0a2-70955bb8b289",TRUE,FALSE,TRUE,TRUE,TRUE,TRUE,TRUE,TRUE,"Weapon","380430f3-5047-4fd3-b10a-3fe99df87901"
"5bd3ae52-ec17-4958-953d-434a551c345d",TRUE,TRUE,TRUE,TRUE,TRUE,TRUE,TRUE,TRUE,"Weapon","4336fba3-6b19-49ed-adee-d4cff9a3d674"
"5a9d07a3-e648-445b-adbc-b16fedffa8c1",TRUE,TRUE,TRUE,TRUE,TRUE,TRUE,TRUE,TRUE,"Summon","d27d0d9a-3b38-4dcd-89a5-4016c2906249"
"5a94402d-63c8-4ac0-872a-e7ed6351f75d",TRUE,FALSE,TRUE,TRUE,TRUE,TRUE,TRUE,TRUE,"Weapon","f746a608-68d2-4869-9272-ad0f5e5fd677"
"5a65b22e-9f75-4870-8426-bb30522fa22c",TRUE,TRUE,TRUE,TRUE,TRUE,TRUE,TRUE,TRUE,"Weapon","804019cc-af5c-4a9f-9e14-d0482c725918"
"5a2431c2-1c36-4c7f-809a-26e624501599",TRUE,TRUE,TRUE,TRUE,TRUE,TRUE,TRUE,TRUE,"Weapon","808b87d4-10f8-4aa1-996f-dd684a44a461"
"5a001a54-b878-4748-9319-bea8de6a7761",TRUE,FALSE,TRUE,TRUE,TRUE,TRUE,TRUE,TRUE,"Weapon","9ddae0e7-4355-4b30-95fb-873f5d9d3f17"
"59b97780-ade2-403b-acea-ef11da837aa0",TRUE,FALSE,TRUE,TRUE,TRUE,TRUE,TRUE,TRUE,"Weapon","e0189d10-a002-41e3-9124-f282b2d47eb8"
"57732dcb-4652-403b-9539-eb697de04182",TRUE,FALSE,TRUE,TRUE,TRUE,TRUE,TRUE,TRUE,"Summon","42899ba7-dbf4-433f-8dd4-805010a1a627"
"5751c66d-4710-4c1f-808e-d2369594dd56",TRUE,TRUE,TRUE,TRUE,TRUE,TRUE,TRUE,TRUE,"Weapon","76eb9e17-0d4e-4b25-b66c-23b434d589e3"
"560c0643-bc7d-40c4-bd79-42e9a12c148c",TRUE,TRUE,TRUE,TRUE,TRUE,TRUE,TRUE,TRUE,"Weapon","0947f00f-54a1-4d7b-b7e9-384fc29c8dc8"
"55e757ec-c582-4f6a-90c3-0a91c578feca",TRUE,TRUE,TRUE,TRUE,TRUE,TRUE,TRUE,TRUE,"Weapon","b1be1e04-296f-4ace-af3b-0430a839db1b"
"54577fc4-1483-4cec-aa59-053eb5bf8f9d",TRUE,FALSE,TRUE,TRUE,TRUE,TRUE,TRUE,TRUE,"Weapon","f5c17a51-7f01-4260-80b9-0b4751ac1c99"
"5354894a-6d41-4347-aa3d-d62744e57849",TRUE,TRUE,TRUE,TRUE,TRUE,TRUE,TRUE,TRUE,"Weapon","bc7a2734-789c-427c-8267-fec8f67503f9"
"525cbcd6-b7e7-40f0-b30c-4a65935598d0",TRUE,TRUE,TRUE,TRUE,TRUE,TRUE,TRUE,TRUE,"Weapon","44cc546c-f2fa-4bb1-90fc-1086cb63fb3f"
"521f0f3c-1868-4bc8-9247-3a4edbb6bc62",TRUE,FALSE,TRUE,TRUE,TRUE,TRUE,TRUE,TRUE,"Weapon","8e597f13-fb23-4873-b85b-9af81a48c110"
"51a0ded7-beee-47ec-93da-41d96e96e7d3",TRUE,FALSE,TRUE,TRUE,TRUE,TRUE,TRUE,TRUE,"Weapon","324047ad-2fae-42ec-bd91-9362d47adbaf"
"518f9f21-cbe8-4eed-b88b-4e34a6144bfb",TRUE,FALSE,TRUE,TRUE,TRUE,TRUE,TRUE,TRUE,"Weapon","f1576053-9327-4393-ba05-ef043aecb925"
"515acbdc-d976-468b-8cc6-9e325648dff9",TRUE,FALSE,TRUE,TRUE,TRUE,TRUE,TRUE,TRUE,"Summon","f9f6e2bc-79d5-4a14-b01c-3510c4e616b2"
"5140af43-bc93-487c-b1c6-f8d60ec600fd",TRUE,FALSE,TRUE,TRUE,TRUE,TRUE,TRUE,TRUE,"Weapon","64ac2641-6610-4b55-a123-85d829609497"
"5084db32-269b-4d62-a409-40b8fafe4b85",TRUE,FALSE,TRUE,TRUE,TRUE,TRUE,TRUE,TRUE,"Summon","8014ef67-0666-4682-85bd-733fc2914745"
"507363bc-7f14-4a41-b58a-df7e61902fa6",TRUE,TRUE,TRUE,TRUE,TRUE,TRUE,TRUE,TRUE,"Summon","4cbf4e29-ca83-4f2a-a87e-3617a6eac8b5"
"504827f4-3bd9-4f0d-ab79-621fd08ceb70",TRUE,FALSE,TRUE,TRUE,TRUE,TRUE,TRUE,TRUE,"Weapon","15520daa-0abb-486b-9307-a890b8e8fa06"
"4fedfb46-6bb4-487f-81fe-b5b605699df3",TRUE,TRUE,TRUE,TRUE,TRUE,TRUE,TRUE,TRUE,"Weapon","37e64445-df77-473a-b59c-57a587a39bdc"
"4ef87cc1-83e3-4eff-87c9-19f34d3ad85d",TRUE,FALSE,TRUE,TRUE,TRUE,TRUE,TRUE,TRUE,"Weapon","e2bea4a3-b613-45c1-8d4f-5936170e07cd"
"4ec03e7f-c976-42f6-85a7-29adc9df66d4",TRUE,TRUE,TRUE,TRUE,TRUE,TRUE,TRUE,TRUE,"Summon","0b523fb5-ff7d-452d-836a-92a6558566d1"
"4e653b01-0d44-42ba-9884-d91a188f85c2",TRUE,FALSE,TRUE,TRUE,TRUE,TRUE,TRUE,TRUE,"Weapon","354495dd-c0de-470b-8da8-d408e96ab8cf"
"4dd3a072-3223-4f48-8663-754bf4339cff",TRUE,FALSE,TRUE,TRUE,TRUE,TRUE,TRUE,TRUE,"Weapon","9b305405-b7f6-437a-90fc-2c1bdd20a6cd"
"4c76b789-0da8-4209-a3f0-9d50537b9966",TRUE,TRUE,TRUE,TRUE,TRUE,TRUE,TRUE,TRUE,"Weapon","8d50ee34-6cc8-4f77-925e-e05e1a02612c"
"4ab5d292-32e0-4e29-b280-1848e6431360",TRUE,TRUE,TRUE,TRUE,TRUE,TRUE,TRUE,TRUE,"Weapon","8ada006f-60ea-482c-8c93-10bf1f742e90"
"4aa5e056-9379-4e48-addd-1e10e9b0434f",TRUE,TRUE,TRUE,TRUE,TRUE,TRUE,TRUE,TRUE,"Weapon","11f456ae-c948-4eb8-95e8-ab8cdc44d59e"
"4a61e766-0409-48b2-82d1-13a40827c372",TRUE,TRUE,TRUE,TRUE,TRUE,TRUE,TRUE,TRUE,"Summon","592ef686-148b-45d0-9b0b-5148a7b869b6"
"4a448ef6-4756-44e4-a2da-4ad58a2c7f32",TRUE,FALSE,TRUE,TRUE,TRUE,TRUE,TRUE,TRUE,"Summon","3d1493a7-ac66-4fac-82da-3679c9a8ebf0"
"48f14a5e-a39a-4780-a8cf-d57890557a22",TRUE,FALSE,TRUE,TRUE,TRUE,TRUE,TRUE,TRUE,"Summon","83a6dfcb-0b74-4354-948c-2cff49b5b2b9"
"489f93a5-a54e-443b-8158-7df5aa96ba59",TRUE,FALSE,TRUE,TRUE,TRUE,TRUE,TRUE,TRUE,"Weapon","77fee049-4f05-49ce-9269-649b1f07e91d"
"47de866a-1526-4386-ad11-09aa6a16a974",TRUE,TRUE,TRUE,TRUE,TRUE,TRUE,TRUE,TRUE,"Weapon","22576560-5c5e-49ff-b9b5-74fa170e4e44"
"47cfb50e-c412-4eb7-bf82-00e35bce45ca",TRUE,FALSE,TRUE,TRUE,TRUE,TRUE,TRUE,TRUE,"Weapon","a55b85a2-04fd-476b-9f22-0f86ed87941e"
"474b43fe-e51c-4c2e-9571-11f81d97eb04",TRUE,TRUE,TRUE,TRUE,TRUE,TRUE,TRUE,TRUE,"Weapon","0c8aaa53-aaf5-4aae-996e-46bb9c3a2f27"
"470e2d06-a911-460b-960f-6eec10030c4e",TRUE,FALSE,TRUE,TRUE,TRUE,TRUE,TRUE,TRUE,"Weapon","0d5db5d9-82cb-401d-b609-b63f44f69d8a"
"46b53a0f-e852-4af3-8115-62d9ada65125",TRUE,FALSE,TRUE,TRUE,TRUE,TRUE,TRUE,TRUE,"Summon","836f4e99-4ad2-42f2-9991-60f52b454fa4"
"469a2399-fa7c-434a-b520-1a2323075578",TRUE,FALSE,TRUE,TRUE,TRUE,TRUE,TRUE,TRUE,"Weapon","f3f0d875-3de0-433f-b3a1-9d3124d4da7d"
"44de529c-4285-4623-b661-41e19b688929",TRUE,FALSE,TRUE,TRUE,TRUE,TRUE,TRUE,TRUE,"Summon","08f2385b-f6f2-4ccd-b199-f20a401d34f1"
"44a6bfa2-3754-47f5-887d-286454012654",TRUE,FALSE,TRUE,TRUE,TRUE,TRUE,TRUE,TRUE,"Weapon","d9ff2a34-7522-41c8-937f-097de1abe3b1"
"449486cf-ce7d-4fab-8328-7c397a73c57f",TRUE,TRUE,TRUE,TRUE,TRUE,TRUE,TRUE,TRUE,"Weapon","4be1992a-bf95-4252-8621-22ef1768fd9b"
"445d609d-ba30-43e7-b1c2-14961623fd4d",TRUE,FALSE,TRUE,TRUE,TRUE,TRUE,TRUE,TRUE,"Weapon","ebcc7ce1-c284-46ab-bac0-2e38588ccb6b"
"42d01c93-3a05-48dc-82a3-9c83adcafdc4",TRUE,FALSE,TRUE,TRUE,TRUE,TRUE,TRUE,TRUE,"Weapon","286ba6de-a162-40ab-90b8-b11ef206b449"
"42c7e7c0-7f97-4f46-8fe6-c1989960f991",TRUE,TRUE,TRUE,TRUE,TRUE,TRUE,TRUE,TRUE,"Weapon","02c1bc15-1815-4424-8913-7e0faaca2d99"
"42b6c9a4-826a-4449-be08-7a5fe5ddbe45",TRUE,FALSE,TRUE,TRUE,TRUE,TRUE,TRUE,TRUE,"Weapon","4a6d8c5c-8f12-408d-a6f1-270b478eb948"
"4285f482-71d2-4797-97e3-93fd209e3b7c",TRUE,TRUE,TRUE,TRUE,TRUE,TRUE,TRUE,TRUE,"Summon","3ca2f308-8be9-428e-b303-a458cd064c4f"
"4089925e-fb5a-485d-a828-0c36bd933554",TRUE,TRUE,TRUE,TRUE,TRUE,TRUE,TRUE,TRUE,"Weapon","900c906b-edae-4d6b-834d-4f2dbe911861"
"4061039b-1c8b-4cf6-8ccc-7bb55febb6aa",TRUE,FALSE,TRUE,TRUE,TRUE,TRUE,TRUE,TRUE,"Weapon","eea306dd-1b35-4c13-9d0c-917b5295b88b"
"40460bf9-8493-4bf8-9f7e-e9cd89e4f7b5",TRUE,FALSE,TRUE,TRUE,TRUE,TRUE,TRUE,TRUE,"Weapon","3fc5bb47-bb76-4cb3-abb3-c91e054d6f5c"
"3fb2195f-fe36-4476-a16f-b7a23fefb7d0",TRUE,TRUE,TRUE,TRUE,TRUE,TRUE,TRUE,TRUE,"Weapon","c880624d-fea6-4e7f-a7fa-25cc68117d75"
"3e871cf0-10b0-445d-999a-a2ad4127376a",TRUE,TRUE,TRUE,TRUE,TRUE,TRUE,TRUE,TRUE,"Weapon","2850a1ff-231d-4ba8-aefa-25a0804efcc0"
"3d38e770-239b-4265-bee5-b9ad28cc7caf",TRUE,FALSE,TRUE,TRUE,TRUE,TRUE,TRUE,TRUE,"Summon","6a69004d-67b6-4fbf-bcf5-1f61d06ef2b9"
"3cba2793-0e56-43aa-a615-77a0283cf95d",TRUE,TRUE,TRUE,TRUE,TRUE,TRUE,TRUE,TRUE,"Weapon","310e11c8-f587-437d-8382-fd6fd9555fcb"
"3bae4d3b-e3b4-40a6-aed0-f2bab2eb9171",TRUE,TRUE,TRUE,TRUE,TRUE,TRUE,TRUE,TRUE,"Weapon","ab59f461-8264-4403-8f86-4ee7ae485a5a"
"3b8242c9-6d2f-4c90-a472-80357f19dbe1",TRUE,FALSE,TRUE,TRUE,TRUE,TRUE,TRUE,TRUE,"Weapon","a21ed4ae-7e5b-45b4-bb60-3c8bf4a687ed"
"3ad5e56a-64c8-4fe9-8903-2a7849e3c0a6",TRUE,FALSE,TRUE,TRUE,TRUE,TRUE,TRUE,TRUE,"Weapon","3ed11a41-e871-4773-b7d6-0ab796706149"
"3a5e22ab-a811-4ed4-bad3-e7e09010b72a",TRUE,FALSE,TRUE,TRUE,TRUE,TRUE,TRUE,TRUE,"Summon","ef8cf511-a5d1-4f35-a8a8-f0f2a7c98ac8"
"3a4cbf0e-e355-40fc-9e7a-9beb39649712",TRUE,TRUE,TRUE,TRUE,TRUE,TRUE,TRUE,TRUE,"Weapon","95548722-bf29-44fa-a475-365fcf638938"
"3a0637a9-cddc-473d-8090-908d22457fd7",TRUE,TRUE,TRUE,TRUE,TRUE,TRUE,TRUE,TRUE,"Weapon","4469f490-5bf5-45c7-9a98-37d26007bb39"
"391ed5ca-84a1-4a84-b982-bfac909af98e",TRUE,TRUE,TRUE,TRUE,TRUE,TRUE,TRUE,TRUE,"Weapon","fc8e39a9-90f7-4b69-aab3-13cd0da29411"
"38e1e78c-1f94-4b54-a28e-b4643203c20d",TRUE,TRUE,TRUE,TRUE,TRUE,TRUE,TRUE,TRUE,"Summon","13fdaab2-63df-42e1-bf8a-8e0678ea0310"
"379207c0-6316-4ce4-842d-0390fae60fb7",TRUE,TRUE,TRUE,TRUE,TRUE,TRUE,TRUE,TRUE,"Weapon","32d280a8-d2e4-41c6-ae41-9ba87dd0dd55"
"35e4e654-02aa-4159-8560-a1a5e4946158",TRUE,TRUE,TRUE,TRUE,TRUE,TRUE,TRUE,TRUE,"Weapon","af839371-cee5-4909-ae05-9d0792c081a4"
"3581a302-33ed-45f0-9640-10321ef19dd2",TRUE,FALSE,TRUE,TRUE,TRUE,TRUE,TRUE,TRUE,"Weapon","be8c9ec6-0904-4242-923d-79398fec482d"
"343d5a15-31a1-42df-8d1a-b29f5c37fac3",TRUE,TRUE,TRUE,TRUE,TRUE,TRUE,TRUE,TRUE,"Weapon","cabe7098-6c6e-4ccc-a0cd-63177e4bb396"
"333ce39d-1dd5-4002-ad42-d018022bcf94",TRUE,FALSE,TRUE,TRUE,TRUE,TRUE,TRUE,TRUE,"Summon","847d02f5-2b63-478b-b450-ae0d3c0091cf"
"32ed26d6-000f-483e-afad-108b98ce9cb0",TRUE,FALSE,TRUE,TRUE,TRUE,TRUE,TRUE,TRUE,"Summon","36b76574-4fdd-4bf7-a3fb-a2e6db19cc91"
"32a33997-6aa0-4b38-aa5f-a1296cedd550",TRUE,TRUE,TRUE,TRUE,TRUE,TRUE,TRUE,TRUE,"Weapon","e2d201a5-c457-44ab-99c3-77087bd9c6e1"
"32287f6b-6d51-43b0-929e-80b64bd8a3d0",TRUE,TRUE,TRUE,TRUE,TRUE,TRUE,TRUE,TRUE,"Weapon","94edb493-8ed2-401f-a1ab-056023d48d80"
"3082c17e-8016-40bb-8fc2-0c8f2d9aee4f",TRUE,TRUE,TRUE,TRUE,TRUE,TRUE,TRUE,TRUE,"Weapon","6dac75b7-f22f-4517-bb2d-70a04eb11d04"
"304831a5-e716-48ac-ad6d-3c0b549a3f81",TRUE,FALSE,TRUE,TRUE,TRUE,TRUE,TRUE,TRUE,"Weapon","fa81b1c5-4519-4073-9653-364e12277295"
"2f32b20f-0fc4-42fa-a1b3-61d3d0acf543",TRUE,FALSE,TRUE,TRUE,TRUE,TRUE,TRUE,TRUE,"Weapon","5edb35f5-4209-43c6-b54b-329f72c96bfb"
"2ee37fd5-c0c1-4057-97a8-498e8ecfe6f1",TRUE,FALSE,TRUE,TRUE,TRUE,TRUE,TRUE,TRUE,"Summon","490fd4f7-673a-4089-842d-e6ad5b47a2f8"
"2ea7bbc5-d67a-4368-8be4-c9e6e96e1cd9",TRUE,TRUE,TRUE,TRUE,TRUE,TRUE,TRUE,TRUE,"Summon","0d7396cd-4180-4241-be3a-b323d789a52a"
"2bc15b8e-a6de-4225-9b88-4afdb1e5b87a",TRUE,TRUE,TRUE,TRUE,TRUE,TRUE,TRUE,TRUE,"Weapon","636cc1ad-d4d4-46d5-951e-40c06126be06"
"2b3b96a4-a7a8-436e-9025-b224d1d7b494",TRUE,FALSE,TRUE,TRUE,TRUE,TRUE,TRUE,TRUE,"Weapon","b9c4d04c-7d5c-4522-a467-7c02bd11b8fa"
"2ad969e0-5e72-4044-9278-b466649778f7",TRUE,FALSE,TRUE,TRUE,TRUE,TRUE,TRUE,TRUE,"Weapon","87f6cf33-f194-4ffd-873d-c9b5ba4c2ef8"
"29fc7ea7-21ee-459a-8dbd-5d7a0bc3d3ef",TRUE,FALSE,TRUE,TRUE,TRUE,TRUE,TRUE,TRUE,"Weapon","8a2d22d9-baa0-4ea3-9f1b-36fa3173c643"
"299a5d8e-ecd5-4c97-b14b-15caf387f115",TRUE,TRUE,TRUE,TRUE,TRUE,TRUE,TRUE,TRUE,"Weapon","2ce75083-2389-454d-84ce-1ee0911f85b6"
"28d33755-ce62-4c71-9dcb-a6c7d5d9e4a2",TRUE,TRUE,TRUE,TRUE,TRUE,TRUE,TRUE,TRUE,"Weapon","90e23550-d8a9-4276-be10-de1132d70096"
"28cf1758-90a3-4017-9f7e-b2a7d9833943",TRUE,TRUE,TRUE,TRUE,TRUE,TRUE,TRUE,TRUE,"Weapon","6730e9d8-2ce5-4751-b2d3-687908f94afc"
"28825de9-b5ab-4e4d-a023-5254b520ada5",TRUE,TRUE,TRUE,TRUE,TRUE,TRUE,TRUE,TRUE,"Weapon","24011e74-ae3a-4439-8445-cf5efefb8d9c"
"28577e9a-9fed-414e-9aa4-b3f570f3c688",TRUE,FALSE,TRUE,TRUE,TRUE,TRUE,TRUE,TRUE,"Summon","1fb0ce8a-b04b-4d48-b888-485c80f935bf"
"277c2ac9-b2f8-4751-a58b-0bdac75d7c23",TRUE,FALSE,TRUE,TRUE,TRUE,TRUE,TRUE,TRUE,"Summon","52d19a56-f1ca-476f-9833-392bee1b3179"
"2713e59b-d733-45f0-84be-008eb16423a8",TRUE,FALSE,TRUE,TRUE,TRUE,TRUE,TRUE,TRUE,"Weapon","e84feadd-7683-47e0-a040-53b8316769c8"
"27050d5b-1f63-4843-82cd-f8a00f88b01e",TRUE,FALSE,TRUE,TRUE,TRUE,TRUE,TRUE,TRUE,"Weapon","14e9d53e-17ad-43e6-b07a-31ff99e6b2ca"
"26674183-7739-455a-bd1a-a2db5921e5d3",TRUE,TRUE,TRUE,TRUE,TRUE,TRUE,TRUE,TRUE,"Weapon","51e4f7ed-9a54-4ac6-92d4-44691c6961ea"
"2562ef7d-2e2d-48ff-acfd-4b23da9389f3",TRUE,FALSE,TRUE,TRUE,TRUE,TRUE,TRUE,TRUE,"Weapon","74d3cbcb-d39a-444a-b80f-48ef5cc33808"
"2516e9e6-8c98-464e-a8de-8a030cdcd19a",TRUE,FALSE,TRUE,TRUE,TRUE,TRUE,TRUE,TRUE,"Summon","d36557be-8246-40d6-833e-ffe13889c267"
"2503d7da-5b79-4a4d-b443-ee6bbb508dd3",TRUE,TRUE,TRUE,TRUE,TRUE,TRUE,TRUE,TRUE,"Weapon","e833d8f0-c030-4ee4-a2ec-9db73598e57d"
"24ff0d7b-6392-4a96-88ed-e1b3e664cbff",TRUE,FALSE,TRUE,TRUE,TRUE,TRUE,TRUE,TRUE,"Summon","569ab977-eb12-4715-8c82-cbc76299b5b6"
"24eabce4-8fc7-41ba-89c7-3e72a65da75e",TRUE,FALSE,TRUE,TRUE,TRUE,TRUE,TRUE,TRUE,"Weapon","0ffd362a-1e00-43a7-8220-aaaf7ef15b46"
"247bfb9d-6133-44ac-8150-3543d1ba100e",TRUE,TRUE,TRUE,TRUE,TRUE,TRUE,TRUE,TRUE,"Summon","9326058e-40fe-40c6-b9df-8f4742f3f7ee"
"245cf17a-6c11-45b3-a3c5-efd37bfa235e",TRUE,TRUE,TRUE,TRUE,TRUE,TRUE,TRUE,TRUE,"Summon","ad2827c4-3df4-48f8-9622-a6ff27f45c02"
"245a4133-8974-47f2-9c83-afb146bbae81",TRUE,TRUE,TRUE,TRUE,TRUE,TRUE,TRUE,TRUE,"Summon","2c789674-7085-4522-912e-26e36644f3d0"
"23ee0232-badf-4358-b0bb-b1f590b3a877",TRUE,TRUE,TRUE,TRUE,TRUE,TRUE,TRUE,TRUE,"Summon","fbeaa551-7ea1-48f3-982f-f4569d14fb45"
"22d508e4-e7a4-4619-9c10-621d8781065a",TRUE,FALSE,TRUE,TRUE,TRUE,TRUE,TRUE,TRUE,"Weapon","e54b9b8c-34e5-4b76-8fa0-01bd68cf42fb"
"222fd0d6-3afb-4725-8f5e-f8c3a21699e0",TRUE,FALSE,TRUE,TRUE,TRUE,TRUE,TRUE,TRUE,"Summon","2ca9644d-8313-4ff6-80a3-a861668093a3"
"21f50e9e-a050-45c4-bc45-b598d1926aeb",TRUE,TRUE,TRUE,TRUE,TRUE,TRUE,TRUE,TRUE,"Weapon","0c7bf03e-822e-402f-9ce5-c59a814d940c"
"21714f20-04d8-456f-abc7-421027bf874f",TRUE,TRUE,TRUE,TRUE,TRUE,TRUE,TRUE,TRUE,"Weapon","b53faecd-8363-4e8d-a266-215ea0a8276d"
"2103417c-46e3-4473-8743-d13ddd73cbf2",TRUE,TRUE,TRUE,TRUE,TRUE,TRUE,TRUE,TRUE,"Summon","7e90ec70-bba5-4f79-af08-2bde0d23a6c8"
"1f155ff3-9a59-474a-80f0-7c8d5aea0c5b",TRUE,FALSE,TRUE,TRUE,TRUE,TRUE,TRUE,TRUE,"Weapon","84d452f3-729a-4085-a905-72351a5df4b3"
"1da32e0f-8e7b-445d-82b9-ae1eb3be4336",TRUE,FALSE,TRUE,TRUE,TRUE,TRUE,TRUE,TRUE,"Summon","010d23b1-1150-4101-9863-17f97d6a9c39"
"1d717273-d997-4940-9462-bf890527f14a",TRUE,FALSE,TRUE,TRUE,TRUE,TRUE,TRUE,TRUE,"Summon","aac5b0ec-c052-4933-9115-7db0e5679794"
"1d56ebb8-46bc-462d-873d-bd9f35fc1708",TRUE,FALSE,TRUE,TRUE,TRUE,TRUE,TRUE,TRUE,"Weapon","611472cb-4bc5-4277-a670-c0813afa9b39"
"1d38e5c1-8c77-4219-aca4-956e1bb1b747",TRUE,TRUE,TRUE,TRUE,TRUE,TRUE,TRUE,TRUE,"Weapon","aa406d45-61a8-4d6d-a67f-09359944a04b"
"1d2e3c8c-c349-4b7c-ab75-bc138b09a8e6",TRUE,FALSE,TRUE,TRUE,TRUE,TRUE,TRUE,TRUE,"Weapon","3d12ea85-6a0d-4ed3-8212-11d871095504"
"1cb05a32-164f-4c9b-95e1-08f23e43713c",TRUE,FALSE,TRUE,TRUE,TRUE,TRUE,TRUE,TRUE,"Weapon","feb6b2db-1382-4263-a0b2-ba0856ce4d2b"
"1c0ac581-1a07-4685-a0b6-9a1f0a06432a",TRUE,TRUE,TRUE,TRUE,TRUE,TRUE,TRUE,TRUE,"Weapon","5b7b5cf5-38a2-43e1-80e2-1d1426d6e8d2"
"1bfafdcc-763c-48a0-895c-f0071593876b",TRUE,FALSE,TRUE,TRUE,TRUE,TRUE,TRUE,TRUE,"Weapon","8d6b53f8-22e8-4525-b385-cfada5293642"
"1af4fcec-1bcc-43de-afed-a351b43d626f",TRUE,TRUE,TRUE,TRUE,TRUE,TRUE,TRUE,TRUE,"Weapon","884d5f1f-f949-4d1f-b80b-6f421b959f4d"
"1ab5a607-27f7-47f0-b10d-20c90147d7e8",TRUE,FALSE,TRUE,TRUE,TRUE,TRUE,TRUE,TRUE,"Weapon","30e1cbbe-315e-4895-aa62-af926b868242"
"1aaf5b6f-0740-4b83-a541-c7d36267d3ed",TRUE,FALSE,TRUE,TRUE,TRUE,TRUE,TRUE,TRUE,"Weapon","36e4f38d-677d-4fee-af90-27b520e1a3e8"
"196bc885-3ae2-475d-9ff9-717f7cb16984",TRUE,FALSE,TRUE,TRUE,TRUE,TRUE,TRUE,TRUE,"Summon","3b254193-29c9-4abe-a6a4-bf9e3e986b74"
"18988cda-ba95-43e0-a1a6-36903c2243c7",TRUE,TRUE,TRUE,TRUE,TRUE,TRUE,TRUE,TRUE,"Summon","68cee305-7a2c-4079-81fb-5ea40dbc5e67"
"162bb7bb-3eef-4ee9-9328-e86b2c27df2f",TRUE,FALSE,TRUE,TRUE,TRUE,TRUE,TRUE,TRUE,"Weapon","2a1a4c9f-49cf-423e-b86f-f189bb5c66e6"
"159ba34c-8b1b-41ac-855b-23da1b81da93",TRUE,TRUE,TRUE,TRUE,TRUE,TRUE,TRUE,TRUE,"Weapon","5e29c2ad-09bc-4fd0-8c90-842fbdcbf1f1"
"139b99b2-7170-4423-9b22-57cb3eca984e",TRUE,TRUE,TRUE,TRUE,TRUE,TRUE,TRUE,TRUE,"Weapon","8b822157-0231-48b1-ba9d-3dd06bb658cc"
"136876a9-4145-4660-8f2f-9fefd11339af",TRUE,TRUE,TRUE,TRUE,TRUE,TRUE,TRUE,TRUE,"Weapon","12b06ed7-f9c5-474f-b359-417191ee8c12"
"135be895-5d78-4e08-aa2f-404876efafbc",TRUE,TRUE,TRUE,TRUE,TRUE,TRUE,TRUE,TRUE,"Weapon","7ca2cf6c-d427-48b3-b5a1-7ccac2b42e73"
"133484e5-dff1-4c99-b6dc-6bb126ab50ff",TRUE,TRUE,TRUE,TRUE,TRUE,TRUE,TRUE,TRUE,"Summon","c3e4d025-b63a-4d74-9a72-7aca570c4f5c"
"12e5ffa0-c7b4-4ac2-b6bd-03f163904a4e",TRUE,FALSE,TRUE,TRUE,TRUE,TRUE,TRUE,TRUE,"Weapon","34c17822-55da-4455-a9ae-bf443ed8a142"
"128cfe1c-75be-4108-972d-6247274d5fda",TRUE,TRUE,TRUE,TRUE,TRUE,TRUE,TRUE,TRUE,"Weapon","352b17a6-f66a-4b6f-b12e-4fc7d9c5313c"
"12197d45-c0e4-4981-a570-69738e409135",TRUE,TRUE,TRUE,TRUE,TRUE,TRUE,TRUE,TRUE,"Weapon","c1126756-df1e-45bc-b53a-5049448fabab"
"12126666-365a-4d20-b151-db48dd86e7e3",TRUE,FALSE,TRUE,TRUE,TRUE,TRUE,TRUE,TRUE,"Weapon","2ff7948f-e2b3-4cb9-93c5-a8aaf60be6ed"
"11edeb4d-2dbc-4199-9570-cd2ccf790542",TRUE,TRUE,TRUE,TRUE,TRUE,TRUE,TRUE,TRUE,"Weapon","008beb02-76ba-4620-a573-126f6cc8f166"
"11dace4d-9524-4b6e-a85c-0cfffbd34428",TRUE,TRUE,TRUE,TRUE,TRUE,TRUE,TRUE,TRUE,"Weapon","8d5525fe-0b10-45b3-835b-13763ffbcfaa"
"113d59a2-82e5-4611-b8c2-3fa6f9d82796",TRUE,TRUE,TRUE,TRUE,TRUE,TRUE,TRUE,TRUE,"Weapon","41473118-1722-4077-a06e-375ea839fe5b"
"0fe585bd-a2eb-4ab8-9fcf-63c676a366f1",TRUE,TRUE,TRUE,TRUE,TRUE,TRUE,TRUE,TRUE,"Summon","4e61bbe0-105d-404d-92ee-4247d47386ad"
"0f60b229-5930-440a-960f-80828123277f",TRUE,TRUE,TRUE,TRUE,TRUE,TRUE,TRUE,TRUE,"Weapon","03d3115a-002e-499b-be2e-3878cd9921e0"
"0dfb2c85-b1e4-44a6-926e-56a43899a0f5",TRUE,FALSE,TRUE,TRUE,TRUE,TRUE,TRUE,TRUE,"Weapon","ba4e1b8d-34ce-44e5-b272-c3825d216f48"
"0dc1c1ea-be01-4ae9-8d61-b772f94b9c0d",TRUE,TRUE,TRUE,TRUE,TRUE,TRUE,TRUE,TRUE,"Weapon","893ec8a8-da64-4885-9f27-f2806680401e"
"0d184e34-c6d3-4fe9-b0c4-1cc9e3f39c18",TRUE,FALSE,TRUE,TRUE,TRUE,TRUE,TRUE,TRUE,"Summon","997917ee-1231-4293-8532-b6facdcb1ef6"
"0cb8d8bd-7322-4aa6-9c33-8cf7333ed93d",TRUE,TRUE,TRUE,TRUE,TRUE,TRUE,TRUE,TRUE,"Weapon","5763da39-d386-4e05-b9c0-a27be4b710ac"
"0c7e5a8a-5f6b-4d47-88e3-5ff5271a2488",TRUE,FALSE,TRUE,TRUE,TRUE,TRUE,TRUE,TRUE,"Weapon","1bc784e6-825d-4381-ba5e-be93fbdc2d49"
"0c346d18-d84b-4e99-9ab8-62fd9efc8efa",TRUE,FALSE,TRUE,TRUE,TRUE,TRUE,TRUE,TRUE,"Weapon","aa66c7f5-2cea-4978-9e5b-bb5888e87716"
"0c1b3fe1-1715-49a9-aca8-235ff8731120",TRUE,FALSE,TRUE,TRUE,TRUE,TRUE,TRUE,TRUE,"Summon","8f519510-01a9-4654-a7b9-649e81d7557d"
"0b583767-c587-42c5-b2ee-58b6ca182e72",TRUE,FALSE,TRUE,TRUE,TRUE,TRUE,TRUE,TRUE,"Weapon","99c54b2f-a5ce-4252-a7f7-efb9ffc90651"
"0a781198-e12a-42ce-ae68-a3db55e422ee",TRUE,FALSE,TRUE,TRUE,TRUE,TRUE,TRUE,TRUE,"Summon","dd1c322e-fba1-4e5d-9632-53e60f77645b"
"0a3fdd4d-76a8-4cd8-a589-b0f3ba5d5113",TRUE,FALSE,TRUE,TRUE,TRUE,TRUE,TRUE,TRUE,"Weapon","e0952889-46d2-4e2c-80d1-5bfe417c57f6"
"0a00fb97-ed42-4ef6-bda8-64a3f12a3cfd",TRUE,FALSE,TRUE,TRUE,TRUE,TRUE,TRUE,TRUE,"Weapon","1fcd8ccc-f55f-4eeb-a737-bf81c2f6ec7e"
"097a5f89-fae9-433a-88bd-6f80b9dc13a8",TRUE,FALSE,TRUE,TRUE,TRUE,TRUE,TRUE,TRUE,"Weapon","229b0da8-b0b9-4851-8526-d8f2875ee7e7"
"08dc57eb-890e-49b4-a314-ae7e7171eacb",TRUE,TRUE,TRUE,TRUE,TRUE,TRUE,TRUE,TRUE,"Weapon","e0b383d2-bdce-4dea-96bc-2ed9d423825f"
"0855c847-a9ed-4c63-af8c-e5199a4f8be0",TRUE,TRUE,TRUE,TRUE,TRUE,TRUE,TRUE,TRUE,"Weapon","456a57a8-a4b6-45ca-87d3-dbafbbbcd319"
"06f1ede6-8818-40f4-8ca5-4de1959a0e9e",TRUE,TRUE,TRUE,TRUE,TRUE,TRUE,TRUE,TRUE,"Weapon","34101e04-d51f-4bb6-afbf-09078bb63e5c"
"06db1611-6429-4472-a82d-8dee8fd7e4f7",TRUE,TRUE,TRUE,TRUE,TRUE,TRUE,TRUE,TRUE,"Weapon","2dc82572-9460-4fcd-9149-aceaede49432"
"06b98e6f-a5e0-4bbc-bc87-fafb296c3dbf",TRUE,TRUE,TRUE,TRUE,TRUE,TRUE,TRUE,TRUE,"Weapon","34d9e049-8784-4398-b8c9-4e646a6d4a9e"
"06a9d5d9-ff5a-4d2f-a8e3-c3c711772116",TRUE,TRUE,TRUE,TRUE,TRUE,TRUE,TRUE,TRUE,"Weapon","1c20710d-28f7-4ceb-adf1-dc2d3d5fe22f"
"069671f7-6c1b-4aef-aa20-f379371099de",TRUE,FALSE,TRUE,TRUE,TRUE,TRUE,TRUE,TRUE,"Weapon","140cf998-4666-4d56-be83-3ddd35f45bbc"
"061a8836-29e1-4bbd-b782-d3bfacc4c6ef",TRUE,FALSE,TRUE,TRUE,TRUE,TRUE,TRUE,TRUE,"Weapon","5ce41a3f-2de3-46b5-bd2f-76fd4f7344b8"
"04f945e7-56f1-40a6-ac9d-dd0c60c1dd5a",TRUE,FALSE,TRUE,TRUE,TRUE,TRUE,TRUE,TRUE,"Weapon","4a17b4ea-711b-4032-a005-e76489c84af3"
"03447a6e-e01d-4516-94e4-23687da77704",TRUE,FALSE,TRUE,TRUE,TRUE,TRUE,TRUE,TRUE,"Weapon","c8a993b7-762c-4a94-8b28-3712807e4661"
"01d5c18c-9740-47d2-92a2-5a914d176b8a",TRUE,FALSE,TRUE,TRUE,TRUE,TRUE,TRUE,TRUE,"Weapon","4c7f2244-e8ec-4512-bb24-5f84708412e3"
"010eb261-7b21-4841-bcdb-214d2f64b732",TRUE,FALSE,TRUE,TRUE,TRUE,TRUE,TRUE,TRUE,"Summon","62c339ec-eab0-4a72-a71e-8e20c6663ed6"
"00c5919b-a884-4744-a972-c120f75095a0",TRUE,FALSE,TRUE,TRUE,TRUE,TRUE,TRUE,TRUE,"Summon","d169eaba-5493-45d4-a2f8-966850d784c9"
"ff5aff28-7f5f-4407-aecb-ee252539cf61",FALSE,FALSE,FALSE,FALSE,FALSE,TRUE,FALSE,FALSE,"Weapon","341e5fad-2fc7-47bc-8572-31e125b85256"
"fe5b76e7-90fd-4b7c-982c-2a628fc12422",FALSE,FALSE,FALSE,FALSE,FALSE,TRUE,FALSE,FALSE,"Weapon","c7c7682b-798f-4ade-bb9c-94699d2a4a34"
"f9927447-f2e8-455f-b63d-9f2dccee7a58",FALSE,FALSE,TRUE,FALSE,FALSE,FALSE,FALSE,FALSE,"Weapon","b9918781-a42a-40f4-9128-1bde3e44fe76"
"f7bd6828-2401-4ec0-8bc0-d71217a18606",FALSE,TRUE,FALSE,FALSE,FALSE,FALSE,FALSE,FALSE,"Weapon","17c41b11-32f3-4372-9d25-573991cb5872"
"f75ef073-8b1f-466d-b62e-bc34e8c0f028",FALSE,FALSE,FALSE,FALSE,FALSE,FALSE,FALSE,TRUE,"Weapon","536c2a59-a836-40a5-8c19-656c36b91710"
"f7467bb9-b29e-4d67-bbfa-a6085a205fed",FALSE,FALSE,FALSE,TRUE,FALSE,FALSE,FALSE,FALSE,"Weapon","bb4589b9-74eb-4b40-8a1d-326ffe1b4dab"
"f711d780-418c-4030-b249-31f04b1824a6",FALSE,FALSE,FALSE,FALSE,FALSE,FALSE,TRUE,FALSE,"Weapon","fcd5bf74-292e-4276-a747-04f618c6eb36"
"f53648df-954a-44bd-8bc8-79bc0acb04f9",FALSE,FALSE,FALSE,FALSE,FALSE,TRUE,FALSE,FALSE,"Weapon","077e2d5c-2e7f-4978-bd8b-7d2fe41f1ecb"
"f3d6ce25-ca99-4c83-8900-3e7fc7f90195",FALSE,FALSE,TRUE,FALSE,FALSE,FALSE,FALSE,FALSE,"Weapon","c5ad0109-8df3-4a66-913d-19606fa9781f"
"f2fa5fee-6658-4d33-bb9e-28e316ce35f4",FALSE,FALSE,TRUE,FALSE,FALSE,FALSE,FALSE,FALSE,"Weapon","d55a9cb1-3a86-4ecc-9eae-84c26d9b6174"
"f2805e1b-e8bd-4746-a6fa-913a17660c44",FALSE,TRUE,FALSE,FALSE,FALSE,FALSE,FALSE,FALSE,"Weapon","463f0cb6-e42d-407c-bc46-c366e0a9fcc1"
"f006a2b1-37e1-4d4b-979b-8a963e820857",FALSE,FALSE,FALSE,FALSE,FALSE,TRUE,FALSE,FALSE,"Weapon","afef66af-9c72-4ab5-81a1-25825f520dca"
"ef010b88-3e8b-4bb2-bd61-8b0f80ed4b6f",FALSE,FALSE,TRUE,FALSE,FALSE,FALSE,FALSE,FALSE,"Weapon","ac720469-c4a6-416e-b9a7-0306274d6154"
"eee57523-76d5-4265-ad72-b9530e437cbf",FALSE,FALSE,FALSE,FALSE,FALSE,TRUE,FALSE,FALSE,"Weapon","40bf0226-b37c-4e4b-b392-3f6ed0ae0639"
"ee8646f6-e8c0-45b5-8ac1-34f1b27ccf03",FALSE,TRUE,FALSE,FALSE,FALSE,FALSE,FALSE,FALSE,"Weapon","a5063cc6-c96d-4d22-8856-e408d0a249e8"
"ee6107aa-34ff-46df-ae37-12b7b97abd11",FALSE,TRUE,FALSE,FALSE,FALSE,FALSE,FALSE,FALSE,"Summon","db262281-2388-497e-9a0b-ff35377df61f"
"eca7879a-10e3-47d5-9f6a-9c9260501496",FALSE,FALSE,FALSE,FALSE,FALSE,FALSE,FALSE,TRUE,"Weapon","cbf50bea-7ad1-473b-b742-ceaa48a2a6c9"
"ec4c4e97-bb2f-4a43-862a-fb37ad7bb433",FALSE,TRUE,FALSE,FALSE,FALSE,FALSE,FALSE,FALSE,"Weapon","826c08cc-1fb5-41c1-9aba-c95c3a78916c"
"e9a4c58c-e1ff-4612-87b5-90bed976be38",FALSE,FALSE,FALSE,FALSE,FALSE,TRUE,FALSE,FALSE,"Weapon","79cdb6c6-f8e9-469a-a506-a3ea11127f27"
"e934fac9-0bb4-44b1-9990-5ffc3ab68741",FALSE,FALSE,FALSE,TRUE,FALSE,FALSE,FALSE,FALSE,"Weapon","9a72266f-3424-4b62-986a-9c1cd3905076"
"e87bd0c3-0427-4b7f-91df-e00dc49061fb",FALSE,FALSE,FALSE,FALSE,FALSE,TRUE,FALSE,FALSE,"Summon","06b4b844-019d-4091-bdb4-c0386c70c861"
"e83395c5-c08b-4db2-ba24-82268fdd47ea",FALSE,FALSE,FALSE,TRUE,FALSE,FALSE,FALSE,FALSE,"Weapon","b540fbaf-48c9-41c0-981f-05953319b409"
"e68878ad-1380-4846-be9c-81a24a55b815",FALSE,TRUE,FALSE,FALSE,FALSE,FALSE,FALSE,FALSE,"Summon","e290cd49-5263-4e81-a667-f0ff01d8f561"
"e5f288f8-fcb0-42e3-af09-85ee4c6e9728",FALSE,FALSE,FALSE,FALSE,TRUE,FALSE,FALSE,FALSE,"Weapon","e436af47-a324-4fe6-90ff-7586dc0bad93"
"e4b9b553-ae89-4ca1-a932-abf20abded43",FALSE,TRUE,FALSE,FALSE,FALSE,FALSE,FALSE,FALSE,"Weapon","4417429d-f8cb-4490-854e-8b663dab947f"
"e26ee89d-7d0f-4d1a-ab2f-11f8310c20f4",FALSE,FALSE,FALSE,FALSE,FALSE,TRUE,FALSE,FALSE,"Summon","bb536a73-a091-4182-a5b5-d1fa490a8068"
"e1b2f91b-3b03-499b-aacd-22f9266f88eb",FALSE,TRUE,FALSE,FALSE,FALSE,FALSE,FALSE,FALSE,"Weapon","b101aec7-23ff-455b-8d58-e629d26c0fbf"
"decaca5d-e154-4507-b3aa-2d85a76a0cfd",FALSE,FALSE,FALSE,FALSE,FALSE,TRUE,FALSE,FALSE,"Weapon","e92b4ebe-ceae-47ea-9b1b-e7c15a25469c"
"dd5ea23f-f7dd-45e0-866d-6c772d9249bf",FALSE,FALSE,FALSE,FALSE,FALSE,TRUE,FALSE,FALSE,"Weapon","8c076f9f-ed68-4910-bacb-70953b08c319"
"dd3bfc99-2123-4531-a980-a7c386d9bf32",FALSE,FALSE,FALSE,FALSE,FALSE,TRUE,FALSE,FALSE,"Weapon","bae33230-5e9f-4c5b-8712-86bb02c8fa14"
"dd1e14d1-3ba4-4cc0-8a71-cbb6babd2e3f",FALSE,TRUE,FALSE,FALSE,FALSE,FALSE,FALSE,FALSE,"Summon","ac82e88d-37c7-4d9b-86ef-8d679392ed58"
"dc53688a-7d8a-4bfe-9594-87ffd32a2236",FALSE,FALSE,FALSE,FALSE,TRUE,FALSE,FALSE,FALSE,"Weapon","56ef7d53-9921-4e2a-9681-a4af0e688a5c"
"dbae635d-62b5-4c92-9693-95f6bdcc3460",FALSE,TRUE,FALSE,FALSE,FALSE,FALSE,FALSE,FALSE,"Weapon","a15f1c0c-4e56-4726-b088-dd7296e97e4b"
"daad5ea1-f865-4c8a-9be6-9c6309cd655c",FALSE,FALSE,FALSE,FALSE,FALSE,FALSE,FALSE,TRUE,"Weapon","a20d399a-92e7-4ec2-b3bc-acae5d1051b4"
"d8fe7c4e-7d65-4931-911d-8d969721f0df",FALSE,FALSE,FALSE,FALSE,FALSE,TRUE,FALSE,FALSE,"Weapon","e0de5385-bb4f-494c-9bbe-d809aa788275"
"d85f5587-b58c-4957-ac56-ccc5ccebb034",FALSE,FALSE,FALSE,FALSE,FALSE,TRUE,FALSE,FALSE,"Weapon","e474c835-658f-459d-a10a-2a3932f84b0f"
"d77dc48d-f3e6-4bef-b6c9-f680702f0d2c",FALSE,TRUE,FALSE,FALSE,FALSE,FALSE,FALSE,FALSE,"Weapon","3e99aaac-1bdc-4593-94cd-15dd1908bc9d"
"d478fed9-5f21-47bc-9d2d-0f2fa25c1078",FALSE,FALSE,TRUE,FALSE,FALSE,FALSE,FALSE,FALSE,"Weapon","73ff4606-f772-4d6d-89b6-1cb7469c288d"
"d45313ee-f397-46d3-a976-c1925cc3334a",FALSE,FALSE,FALSE,FALSE,FALSE,TRUE,FALSE,FALSE,"Weapon","b075efef-602c-41ab-91cd-474a831affd2"
"d451424c-5758-4363-a4a9-61dd2ad92403",FALSE,FALSE,FALSE,FALSE,FALSE,TRUE,FALSE,FALSE,"Weapon","82c85bcd-4529-434a-a0c1-fe6bbe382d44"
"d3c613b6-47d5-4089-a022-93d85365366e",FALSE,FALSE,FALSE,FALSE,FALSE,FALSE,TRUE,FALSE,"Weapon","de73dd9d-bab0-4866-bc52-e13fd79f97cb"
"d39c5bf5-4c2f-4f60-b243-a4727b6001cb",FALSE,TRUE,FALSE,FALSE,FALSE,FALSE,FALSE,FALSE,"Weapon","55d340a0-e0b0-4309-8056-29cc3a65b802"
"d3066732-af40-4031-beb2-e414aae28ee0",FALSE,FALSE,FALSE,FALSE,FALSE,TRUE,FALSE,FALSE,"Weapon","70c32b0a-2ed3-4992-88ae-d5f63a34e22c"
"d2fa2935-e7dd-459d-9ba5-86c84c8eb925",FALSE,FALSE,FALSE,FALSE,FALSE,TRUE,FALSE,FALSE,"Weapon","c06dfad7-75e8-4e34-8f37-46b806cf6009"
"d2de8b96-8565-4fcc-88ea-3f39c684a1e1",FALSE,FALSE,FALSE,FALSE,FALSE,TRUE,FALSE,FALSE,"Weapon","ddc4bad8-900b-41a2-b825-85653e4b2fba"
"d2c5e2bd-48a1-4e89-9285-17db30dc50e6",FALSE,FALSE,FALSE,FALSE,FALSE,TRUE,FALSE,FALSE,"Weapon","09df460c-90b5-4550-af38-d21fa2fb3023"
"d1964b8f-19d3-4b11-a4e7-43f5bca56119",FALSE,FALSE,FALSE,FALSE,FALSE,TRUE,FALSE,FALSE,"Weapon","133d5457-a860-4df4-a0c1-abf05849af4e"
"d0c9b1f4-2e78-4594-974f-5d7349cfa20e",FALSE,FALSE,TRUE,FALSE,FALSE,FALSE,FALSE,FALSE,"Weapon","887ecb4a-449b-49ee-b0de-192c399659c4"
"d05e30f2-b3cd-4c82-94c6-27cdfc94564f",FALSE,TRUE,FALSE,FALSE,FALSE,FALSE,FALSE,FALSE,"Weapon","4a88d4c0-d320-45ca-9a55-90a55482a6da"
"d02c029d-f6c8-4894-ab6f-224e81e24fe7",FALSE,FALSE,FALSE,FALSE,FALSE,TRUE,FALSE,FALSE,"Weapon","b7bee603-f45e-4e30-9e9b-467a3482cef6"
"cf94a45a-85c3-4713-ae97-3d11f77d840d",FALSE,TRUE,FALSE,FALSE,FALSE,FALSE,FALSE,FALSE,"Weapon","ea326b4c-61ae-4bbe-bbb8-49ba445f5594"
"ce14b283-7467-4e88-8b59-58b933352725",FALSE,FALSE,FALSE,FALSE,FALSE,FALSE,FALSE,TRUE,"Weapon","6abeb742-f181-44f3-8ee3-ca52af3cb0e7"
"cc99321f-ce4c-4587-9f78-2e1b9c1b2e4c",FALSE,FALSE,FALSE,FALSE,FALSE,FALSE,FALSE,TRUE,"Weapon","9a3679c3-d900-4bee-a3ee-543a6514abc4"
"cc94aabe-8fb6-4e32-8dab-854dc97089c4",FALSE,FALSE,FALSE,FALSE,FALSE,TRUE,FALSE,FALSE,"Weapon","1f9af5dc-1738-4b77-8f6a-a978e6530045"
"cb80723a-0e92-431e-be5c-ba9a7b9998a5",FALSE,FALSE,TRUE,FALSE,FALSE,FALSE,FALSE,FALSE,"Weapon","d3397faf-86e4-434a-9a0e-439239b5abc0"
"cae152cb-2105-48bf-8016-ef89a764b600",FALSE,FALSE,FALSE,FALSE,FALSE,FALSE,TRUE,FALSE,"Weapon","fe15f5d1-4d65-4e10-af2a-48abd6ac26b3"
"c92f92fa-7a09-4094-9951-7f0c24a282ae",FALSE,FALSE,TRUE,FALSE,FALSE,FALSE,FALSE,FALSE,"Weapon","6ed55096-9371-48e5-b647-1c671ee59ef5"
"c8c09f55-ff78-4d05-a14f-275cb10c1828",FALSE,FALSE,FALSE,FALSE,FALSE,TRUE,FALSE,FALSE,"Weapon","b7b5471e-02ba-468e-b6d4-5b74b5ae4d8e"
"c73e1a42-4f2a-4c96-9985-ab576852b565",FALSE,FALSE,FALSE,FALSE,FALSE,TRUE,FALSE,FALSE,"Summon","69f4732b-afc8-4129-b99a-7e33bdf85787"
"c719c738-ee1f-4179-aa0c-24b17c262e45",FALSE,TRUE,FALSE,FALSE,FALSE,FALSE,FALSE,FALSE,"Weapon","dba74218-8293-4f54-8cf6-f0f3888d2a73"
"c6c5f706-12f0-4e02-8065-afccae8b0d75",FALSE,FALSE,FALSE,FALSE,FALSE,TRUE,FALSE,FALSE,"Weapon","158227a1-a037-4172-a499-416179a4b1d2"
"c481a2cc-b3a1-4fd6-be25-92a85156d0a9",FALSE,TRUE,FALSE,FALSE,FALSE,FALSE,FALSE,FALSE,"Weapon","7a3c2bbf-723b-406a-98f6-3c031283b91c"
"c3ad6761-80eb-4ca4-a52f-983854e17273",FALSE,FALSE,FALSE,FALSE,FALSE,TRUE,FALSE,FALSE,"Weapon","9cf3fce8-0eb1-421a-86c5-0f8da1bf5d84"
"c30fc93a-b19a-4d18-88b9-1fe9a4296061",FALSE,TRUE,FALSE,FALSE,FALSE,FALSE,FALSE,FALSE,"Summon","f30cabfc-41be-4c5a-9062-07a82c49ea98"
"c1fd22ad-8718-43e6-a478-3aa46a55cad8",FALSE,FALSE,FALSE,FALSE,FALSE,TRUE,FALSE,FALSE,"Summon","2a930992-7953-4869-a7bb-17e7a80f29fb"
"c0f4219a-9eff-4dc7-8ccd-8d14ee1eeab2",FALSE,FALSE,FALSE,FALSE,FALSE,TRUE,FALSE,FALSE,"Weapon","0bc3d79a-6f2a-407f-aa97-d1cc019672a0"
"c07cb17a-7ac7-4b7a-9e6c-02b142bb27f6",FALSE,FALSE,FALSE,FALSE,FALSE,TRUE,FALSE,FALSE,"Weapon","d6c8d426-6e56-49fa-9d6a-56841e55a0cc"
"be0b213c-b616-4001-875d-bb31b3e5ee77",FALSE,TRUE,FALSE,FALSE,FALSE,FALSE,FALSE,FALSE,"Summon","2f4ee54f-3913-4e7e-83a2-3ceb87a8ad33"
"bc974dee-3eb6-43f8-98de-c1a4e8ac20a9",FALSE,TRUE,FALSE,FALSE,FALSE,FALSE,FALSE,FALSE,"Weapon","f6a6bb26-e7c2-4e72-b3c9-8d07068cce56"
"bc6bab61-696a-4a9c-973b-bcf8e8905494",FALSE,TRUE,FALSE,FALSE,FALSE,FALSE,FALSE,FALSE,"Weapon","9e7e6115-294f-4f60-ae57-980fc3fe35f8"
"bb0c93a3-1412-4701-9ad9-a2b923c2a062",FALSE,TRUE,FALSE,FALSE,FALSE,FALSE,FALSE,FALSE,"Summon","e921b6fb-0d04-47c1-b8d5-963cea459b66"
"bafabaf3-d436-4d93-8cee-e987ef214b3c",FALSE,FALSE,TRUE,FALSE,FALSE,FALSE,FALSE,FALSE,"Weapon","4c9887b3-dd59-4d1f-b9ca-5780acfa5ed6"
"ba0922a8-62cf-41f6-a5e7-42dcc964e45f",FALSE,TRUE,FALSE,FALSE,FALSE,FALSE,FALSE,FALSE,"Weapon","329785a5-0123-459f-83d9-ee6fa9a3c4be"
"b8c6d0dc-dbb9-40eb-9e30-86c01d6074ac",FALSE,FALSE,FALSE,FALSE,FALSE,TRUE,FALSE,FALSE,"Weapon","4c62a41a-6547-43a0-be0d-9e08be3d3292"
"b75076f5-adbc-42d3-acd1-af9a36c98f40",FALSE,FALSE,FALSE,FALSE,FALSE,TRUE,FALSE,FALSE,"Weapon","34ee2496-c0c3-4e08-a93a-7bebac7fb448"
"b6f89ee9-fe9c-45eb-b2ea-589195afeb3b",FALSE,FALSE,FALSE,FALSE,FALSE,TRUE,FALSE,FALSE,"Weapon","6bec3dd7-3ab8-42f4-9d95-a9d9e79d4dc7"
"b6d4e5a4-e2cd-4b03-943c-899a9863b2b1",FALSE,FALSE,FALSE,FALSE,FALSE,TRUE,FALSE,FALSE,"Weapon","5a41234c-6fb3-4e3f-bc9d-15d80d0f9323"
"b53ef821-3cdc-42b6-9aa4-7bec76457c73",FALSE,FALSE,FALSE,FALSE,FALSE,FALSE,TRUE,FALSE,"Weapon","99da5b6e-efe8-4840-8bdc-a4ffe11df8eb"
"b4e8924f-d3a6-4c9b-a20c-9e6d4f2d4ee3",FALSE,TRUE,FALSE,FALSE,FALSE,FALSE,FALSE,FALSE,"Summon","036e9085-cb3e-4c6e-9de4-adb29d4635dd"
"b45ec547-2732-4499-956e-0fc19761320c",FALSE,TRUE,FALSE,FALSE,FALSE,FALSE,FALSE,FALSE,"Summon","e1f500d6-5f09-4d69-b4cd-9b463f8019e9"
"b4556458-c7f0-48e0-b16a-90b5b0b51dee",FALSE,TRUE,FALSE,FALSE,FALSE,FALSE,FALSE,FALSE,"Weapon","39ead25c-8fdd-452f-ba2b-611cda1e43a4"
"b2a6ee84-d0bb-4291-9c78-3d71b7e0065f",FALSE,FALSE,FALSE,FALSE,FALSE,TRUE,FALSE,FALSE,"Weapon","48e8d199-4663-4efe-a0be-e67a78f2b944"
"b2934b20-bbcd-49c3-b2e5-86fc6aca8903",FALSE,FALSE,FALSE,FALSE,FALSE,FALSE,TRUE,FALSE,"Weapon","d270359f-b916-4f8c-90ba-866cde8bdd29"
"b247ee98-a5f3-4839-9b67-d08fec4f990e",FALSE,TRUE,FALSE,FALSE,FALSE,FALSE,FALSE,FALSE,"Weapon","9cfef59f-1fa0-4826-b8fc-cdc1a1aa34cc"
"b0fa61de-a7bd-4680-8db5-ef4a93b60049",FALSE,FALSE,FALSE,FALSE,TRUE,FALSE,FALSE,FALSE,"Weapon","8332adc6-b581-439f-9c40-4c97cdc89281"
"aecf80c3-869a-4c40-b144-623a18b5006f",FALSE,FALSE,FALSE,FALSE,FALSE,TRUE,FALSE,FALSE,"Summon","ab6f99a6-7490-495e-8e7d-5faba960ee71"
"ad7d7666-da4e-4bb3-9bd0-ff16f39f49a3",FALSE,TRUE,FALSE,FALSE,FALSE,FALSE,FALSE,FALSE,"Weapon","280511f0-23bc-4b98-8579-4ade5e335feb"
"ad65582c-d825-4490-8bad-739db742c03b",FALSE,FALSE,FALSE,TRUE,FALSE,FALSE,FALSE,FALSE,"Weapon","8f6e4c83-c239-4fae-80d4-8376a828175b"
"ac2777c5-d8ca-40fa-a7fd-aa78a674ab96",FALSE,FALSE,FALSE,FALSE,FALSE,FALSE,FALSE,TRUE,"Weapon","242b82ee-d349-4d01-bd4f-18456deda47c"
"ab9ed6e6-638b-4f18-a64d-d1483887ea82",FALSE,FALSE,FALSE,TRUE,FALSE,FALSE,FALSE,FALSE,"Weapon","79290f90-9242-4673-8d90-f360f5b613d7"
"aa8b3d34-23ce-4914-acb0-df83575584fb",FALSE,FALSE,FALSE,FALSE,FALSE,TRUE,FALSE,FALSE,"Summon","b5827944-b410-490c-8209-09fe7098959e"
"aa82d6c8-4681-4c11-a76e-70766c3a5d1d",FALSE,FALSE,FALSE,FALSE,FALSE,TRUE,FALSE,FALSE,"Weapon","49f257e3-b340-4006-b22a-9dcae273e0fb"
"a942ea59-a5fb-4939-b0d7-49228c79f55d",FALSE,FALSE,FALSE,FALSE,FALSE,FALSE,FALSE,TRUE,"Weapon","c3c0f3d3-348c-4184-ba8d-d65dab6fbbae"
"a7c51eda-de5d-4c08-9000-9ee09033b36b",FALSE,FALSE,FALSE,FALSE,FALSE,FALSE,FALSE,TRUE,"Weapon","555d715d-d1ab-4036-b019-a5e85fc8990b"
"a639828d-c004-49e1-b79a-80e7f929b70c",FALSE,FALSE,FALSE,FALSE,TRUE,FALSE,FALSE,FALSE,"Weapon","0a46fbd6-5b67-404b-8135-7215363a0283"
"a63735cd-2c17-4f97-9986-06e814142496",FALSE,TRUE,FALSE,FALSE,FALSE,FALSE,FALSE,FALSE,"Summon","ee5d8dbc-98cc-4b13-b023-87a91ea4791b"
"a4618f0b-9a01-4ba8-9fb6-da912cc5eb96",FALSE,FALSE,FALSE,FALSE,FALSE,FALSE,FALSE,TRUE,"Weapon","d330e8bf-84ea-4178-93cb-5c4649098b85"
"a347c4e2-44e3-41d1-86bd-82aebc2307d3",FALSE,FALSE,FALSE,FALSE,FALSE,FALSE,TRUE,FALSE,"Weapon","0a39bbba-fbff-4d2a-9c1d-e8acf1a3d342"
"9ee47644-f30a-455a-9ae5-c8a6e5c878bd",FALSE,FALSE,FALSE,FALSE,FALSE,TRUE,FALSE,FALSE,"Weapon","d66d0afd-535d-4035-b511-89dacb931a8a"
"9ea04db6-42e8-49fb-bad5-0a3ca1214456",FALSE,FALSE,FALSE,FALSE,FALSE,TRUE,FALSE,FALSE,"Summon","289d1aef-c760-497f-b62b-1b14ba4b2bcf"
"9ce114c2-b5bf-4a38-bf57-6cb90a2dc9a4",FALSE,FALSE,FALSE,FALSE,FALSE,TRUE,FALSE,FALSE,"Summon","5c209c25-8962-451b-b62b-0a0e8ab39920"
"9a6c418e-1922-4631-a110-1f805a8a8a78",FALSE,FALSE,FALSE,TRUE,FALSE,FALSE,FALSE,FALSE,"Weapon","34f1b619-2158-45f3-9b81-b231e24c50ed"
"9a1cffd7-ebc3-4e63-b4f3-8c85cbc72257",FALSE,TRUE,FALSE,FALSE,FALSE,FALSE,FALSE,FALSE,"Weapon","13dade2b-3d85-48de-a93a-b13bce279051"
"99f202a0-4f37-4965-9d71-42c2861f87a2",FALSE,TRUE,FALSE,FALSE,FALSE,FALSE,FALSE,FALSE,"Weapon","86698092-2b4b-4e7a-9ccb-2c675a96909c"
"99c6fe21-2115-4647-a267-7a8f96c1ffd6",FALSE,FALSE,TRUE,FALSE,FALSE,FALSE,FALSE,FALSE,"Weapon","1a021eb9-598e-4719-9972-084ced299d94"
"993e4355-c238-4b13-9f98-40a6e923d4bb",FALSE,FALSE,FALSE,TRUE,FALSE,FALSE,FALSE,FALSE,"Weapon","2b290454-2a96-4235-a9ea-ea13b088e412"
"98de92e6-81cf-48d1-a757-8f9f91b41dea",FALSE,TRUE,FALSE,FALSE,FALSE,FALSE,FALSE,FALSE,"Summon","ee372f76-44d7-47c2-990a-8f033c314ef8"
"98349b56-7cea-4e9b-acb8-beca2923c87e",FALSE,FALSE,FALSE,FALSE,FALSE,FALSE,FALSE,TRUE,"Weapon","a4587183-0ddb-4a4d-8096-2c44db6d422f"
"97bda450-1207-4e3a-bafe-7bfccd24995a",FALSE,FALSE,FALSE,FALSE,FALSE,FALSE,TRUE,FALSE,"Weapon","4d6d0842-1b8c-4ec7-8a74-26069a9c89f7"
"97b8dfd2-73d3-4416-88b5-24de248c35e4",FALSE,FALSE,FALSE,FALSE,FALSE,FALSE,TRUE,FALSE,"Weapon","71f11bf2-3e49-4e9c-99f2-2c4f701636d9"
"97aacd9b-b5c0-4613-a989-f41d6af877b1",FALSE,FALSE,FALSE,FALSE,FALSE,TRUE,FALSE,FALSE,"Weapon","798c0602-a997-4772-9b7b-6ac8d3dc324a"
"971a15bc-22bc-4fc8-95f8-4efaaca116de",FALSE,FALSE,FALSE,FALSE,FALSE,TRUE,FALSE,FALSE,"Weapon","51bb094e-f318-4562-b6cf-490bd3d7aca4"
"96e2749a-588e-433b-9853-745051f80579",FALSE,TRUE,FALSE,FALSE,FALSE,FALSE,FALSE,FALSE,"Weapon","fe9f1b08-2792-48bc-81c9-11ae62dffe41"
"944d263c-cda7-4ab2-ba7f-5dd53b8dbdde",FALSE,FALSE,FALSE,FALSE,FALSE,TRUE,FALSE,FALSE,"Weapon","e248c646-b34a-414c-b01c-c4098d9147f9"
"93e8c1a6-13f4-490a-8e6e-7dd46abddaf5",FALSE,FALSE,FALSE,TRUE,FALSE,FALSE,FALSE,FALSE,"Weapon","ad25064d-c69f-4656-9ebe-b264dc990d72"
"93c261fa-fabd-4010-b851-a4d46d78f435",FALSE,FALSE,FALSE,FALSE,FALSE,FALSE,FALSE,TRUE,"Weapon","70abaa3e-0c52-46b9-9b86-38a126fcc36a"
"93699a2f-7e64-4828-b170-015bd32b5c85",FALSE,FALSE,FALSE,FALSE,FALSE,FALSE,TRUE,FALSE,"Weapon","0a7fcef0-573c-419f-8f6a-7b34b086d830"
"92f9c20c-f843-4146-93be-96da10bc343b",FALSE,FALSE,FALSE,TRUE,FALSE,FALSE,FALSE,FALSE,"Weapon","4b449af2-a4f0-41c1-8312-f956f8b5e6f2"
"92de475a-862e-44bd-86d0-c6726b89f598",FALSE,FALSE,FALSE,FALSE,FALSE,TRUE,FALSE,FALSE,"Weapon","9139e93f-b879-4cc0-aef7-99b082b02bbb"
"91a0c6c5-fc97-432f-875c-78b54cb6a500",FALSE,FALSE,FALSE,FALSE,FALSE,TRUE,FALSE,FALSE,"Summon","067b9800-2055-4433-bdc8-8adcaf3087ce"
"91589c06-99cc-4752-b4fc-a237b3f7f5d0",FALSE,TRUE,FALSE,FALSE,FALSE,FALSE,FALSE,FALSE,"Summon","c6946cd3-d2c5-4f5d-a6b6-e4f4457dfe3e"
"90fe02c6-6a87-42da-819b-790e64c05fd5",FALSE,FALSE,FALSE,FALSE,FALSE,FALSE,FALSE,TRUE,"Weapon","eeeccdee-a40a-48ce-b324-456723c6b586"
"8fffe197-10dc-478d-b9df-20d34fbfbb81",FALSE,FALSE,FALSE,FALSE,TRUE,FALSE,FALSE,FALSE,"Weapon","5cd341a4-1172-4c35-83e0-7142d0d8cebd"
"8f4d2fac-3cc6-4051-a2a0-d15142c7fd14",FALSE,FALSE,FALSE,FALSE,FALSE,TRUE,FALSE,FALSE,"Weapon","538a69d4-1923-47f9-bd83-cbe4bee8983d"
"8beadc5c-56e9-4953-9293-a0aa2adff520",FALSE,FALSE,FALSE,FALSE,FALSE,FALSE,FALSE,TRUE,"Weapon","b067b517-2526-4a1d-9b38-102c539fd6e4"
"8b32d8a6-d843-4ddf-aa96-363fa3abe51f",FALSE,FALSE,FALSE,FALSE,FALSE,TRUE,FALSE,FALSE,"Weapon","b8a0cc99-d3ae-4379-b6e3-729a51dfd672"
"8ad4f52d-9b2d-469d-b9f5-0c73ff8a52db",FALSE,FALSE,FALSE,FALSE,FALSE,TRUE,FALSE,FALSE,"Weapon","f3e219e4-efce-460c-894d-5bf0f6df7416"
"89b00bfd-4785-4612-9562-031188b7da01",FALSE,FALSE,FALSE,FALSE,FALSE,TRUE,FALSE,FALSE,"Weapon","578c8cdd-ac14-417a-916f-8f81c4e93cd9"
"8878062e-c94b-4906-b194-24608bbbd966",FALSE,FALSE,FALSE,FALSE,FALSE,TRUE,FALSE,FALSE,"Weapon","ec7f2762-63b4-4be4-ac0b-3dc2aa572eac"
"8836760a-13c9-4103-ab8c-40754c2a1cf6",FALSE,FALSE,FALSE,FALSE,FALSE,TRUE,FALSE,FALSE,"Weapon","eefa68ce-4cc0-40bf-a3cf-9aec96d6064d"
"877a8673-7591-4162-8827-52d5e07899b7",FALSE,FALSE,FALSE,FALSE,FALSE,TRUE,FALSE,FALSE,"Weapon","28c98ede-f31f-4b7b-a60e-64ed8f435d3b"
"86ba5c92-d9f3-406c-bd5e-034b63c0c53f",FALSE,FALSE,FALSE,FALSE,FALSE,TRUE,FALSE,FALSE,"Weapon","9b85ad86-4dcf-46e6-a1ff-4d9a8fc7d8c3"
"84b00fa5-827b-4b02-8c9d-d969c4d2a3ac",FALSE,FALSE,FALSE,FALSE,FALSE,TRUE,FALSE,FALSE,"Weapon","e7d42041-b086-4b20-aea2-5e1c5d3a1b9a"
"842c55c0-2b07-4489-b0f7-f83fa07818ec",FALSE,FALSE,TRUE,FALSE,FALSE,FALSE,FALSE,FALSE,"Weapon","e225765e-bad7-4f85-9106-aaf986335dc1"
"830a42e4-7215-47e7-8a2c-3c88105d6d6e",FALSE,FALSE,FALSE,TRUE,FALSE,FALSE,FALSE,FALSE,"Weapon","70d0ef6d-8cc3-48dd-aa3d-7ea0e5f1825d"
"8214ba08-e58f-4888-a80a-70491c79bc7d",FALSE,FALSE,FALSE,FALSE,FALSE,FALSE,FALSE,FALSE,"Weapon","85677bd6-4e57-433a-a3f1-53f6ad74e1c6"
"82144bf2-dc67-4e8e-b936-28d664af0b59",FALSE,FALSE,FALSE,FALSE,FALSE,TRUE,FALSE,FALSE,"Weapon","8f6f4226-28ef-4a1a-873c-b4a034dc74b9"
"811daa59-e8b3-4178-becb-275e64f6ce4e",FALSE,FALSE,FALSE,TRUE,FALSE,FALSE,FALSE,FALSE,"Weapon","1da3a331-495a-4264-bc49-c9bb75cb0d6e"
"808546a7-d767-48f6-b9c9-e7d4103e43b4",FALSE,FALSE,FALSE,FALSE,FALSE,FALSE,TRUE,FALSE,"Weapon","9bafad25-1e70-4408-86ef-64ddf84fb8f4"
"80061e6d-f739-45e5-bd42-4849bbd42a8e",FALSE,FALSE,FALSE,FALSE,FALSE,TRUE,FALSE,FALSE,"Weapon","6728f05b-e5bf-407e-86fb-cd6054b2a65f"
"7d8e7561-e895-4661-a998-7d85537b4a74",FALSE,TRUE,FALSE,FALSE,FALSE,FALSE,FALSE,FALSE,"Weapon","e081a3b1-3815-4a0f-aef4-358adb69ea1a"
"7d6ff135-8b6b-4f1e-b05e-ff48df5cd730",FALSE,TRUE,FALSE,FALSE,FALSE,FALSE,FALSE,FALSE,"Weapon","1afc3bf7-55e5-4a08-8fb8-c618cf8d1cdc"
"7ca9613b-ab3c-40bb-8216-c9627139cc23",FALSE,FALSE,FALSE,FALSE,FALSE,TRUE,FALSE,FALSE,"Weapon","e1f29430-f752-4792-8207-983f99320f9f"
"7ae1646f-bb95-4b2f-be68-2e94be7be997",FALSE,FALSE,FALSE,FALSE,FALSE,TRUE,FALSE,FALSE,"Weapon","9c313d9b-8ddd-405d-97b9-084518cebf07"
"79818954-6301-4e43-8719-d5e2daf6755c",FALSE,FALSE,FALSE,FALSE,FALSE,FALSE,FALSE,TRUE,"Weapon","40153cf4-aef4-4231-b50c-3201b8053465"
"7951547b-ebd6-4aa1-8bc5-03af9449a32e",FALSE,FALSE,FALSE,FALSE,FALSE,TRUE,FALSE,FALSE,"Weapon","a3c05b3b-e04a-4db0-b49e-43ec6910741b"
"78e9cf90-a0e0-40b0-b1bc-f3be83aa3a3a",FALSE,TRUE,FALSE,FALSE,FALSE,FALSE,FALSE,FALSE,"Weapon","b9bb1ee2-f1a4-4841-9f47-1cba64a9ac4d"
"7746c815-31c4-4a86-a79a-529e6db99f16",FALSE,FALSE,FALSE,FALSE,TRUE,FALSE,FALSE,FALSE,"Weapon","eab9c699-fe3d-41d5-b8c2-04a4dea38c8a"
"7722277c-07a0-42cf-8ebf-df4ec8b49081",FALSE,FALSE,FALSE,FALSE,FALSE,TRUE,FALSE,FALSE,"Summon","9dbd2236-cc07-4985-b416-0e18c16c39d2"
"76b56130-d505-4396-a3fe-b01a28bd9f6b",FALSE,FALSE,FALSE,FALSE,FALSE,TRUE,FALSE,FALSE,"Weapon","5256c7d3-dedb-42e6-a951-c2ccd59ac389"
"7653b4bb-1284-49fb-b572-89f0cbc74422",FALSE,TRUE,FALSE,FALSE,FALSE,FALSE,FALSE,FALSE,"Summon","f5e584b9-103e-422e-a310-ad6ced1b1b40"
"75070759-f26e-40b6-923e-887b6e41e754",FALSE,FALSE,FALSE,FALSE,FALSE,TRUE,FALSE,FALSE,"Weapon","8912e70f-778e-4259-a203-dce7f1ce1334"
"7368dd55-c455-4123-8bdc-adcaa499a1be",FALSE,FALSE,FALSE,TRUE,FALSE,FALSE,FALSE,FALSE,"Weapon","06376b63-d12c-4682-aa50-244c4e5cf534"
"71901277-10c9-46a4-b0b0-b65f04a33372",FALSE,TRUE,FALSE,FALSE,FALSE,FALSE,FALSE,FALSE,"Weapon","bf9c9fed-a7d3-4be2-ba0f-20aa58e10f3f"
"707a62ef-0ccf-466e-85b0-10e57753b514",FALSE,FALSE,FALSE,FALSE,FALSE,FALSE,TRUE,FALSE,"Weapon","934f322d-2fff-4dce-92f4-90b97899753e"
"6fc66ea5-0c65-4d83-8761-b021c653232c",FALSE,FALSE,FALSE,FALSE,FALSE,FALSE,TRUE,FALSE,"Weapon","9f6332ab-1373-4c0e-9c4d-15db05dc2659"
"6f58f6e2-6e77-4bad-9e29-adf3df116d95",FALSE,TRUE,FALSE,FALSE,FALSE,FALSE,FALSE,FALSE,"Weapon","5e480a3f-e39d-4698-aa0c-9c192ff45316"
"6dbd819d-0280-4628-97b2-9994738bc4e9",FALSE,TRUE,FALSE,FALSE,FALSE,FALSE,FALSE,FALSE,"Weapon","7beb3f02-2a13-45c5-9ea3-4a13315e66d6"
"69f51f39-7e32-43f4-939d-eecfc7ed7785",FALSE,TRUE,FALSE,FALSE,FALSE,FALSE,FALSE,FALSE,"Summon","33e7f27e-749e-45c7-aab6-b84729980d0b"
"69a54bce-6f61-4d2b-91d5-a3a31c5d6822",FALSE,FALSE,FALSE,FALSE,FALSE,FALSE,FALSE,TRUE,"Weapon","575d8207-404e-44e0-940e-7081443f040a"
"699f77ed-4ed0-46db-94a5-6fb29e7d050c",FALSE,FALSE,TRUE,FALSE,FALSE,FALSE,FALSE,FALSE,"Weapon","1ded511b-c5cc-477f-8b76-7db5dfe9795d"
"69642781-f49a-4a0b-88ec-1dc83e8840fe",FALSE,TRUE,FALSE,FALSE,FALSE,FALSE,FALSE,FALSE,"Summon","033d2cdb-119f-4d4c-af5a-424bc2ad245e"
"691ab59b-e821-40aa-8ce0-89cac2300a5b",FALSE,FALSE,FALSE,FALSE,FALSE,TRUE,FALSE,FALSE,"Weapon","de145fe5-4447-4a91-9475-45e52ce54d9d"
"68ebe305-07b4-4e7f-9217-af9bfe09872d",FALSE,TRUE,FALSE,FALSE,FALSE,FALSE,FALSE,FALSE,"Weapon","d40d2403-6693-4ccd-b257-cd54da1061da"
"678eba7e-8bf7-428b-950a-4eccdc062f4a",FALSE,FALSE,FALSE,TRUE,FALSE,FALSE,FALSE,FALSE,"Weapon","22651207-2a77-45c3-9376-e6d769a3402d"
"6619d67f-de22-4193-bdc2-431798adf2c9",FALSE,FALSE,FALSE,FALSE,FALSE,TRUE,FALSE,FALSE,"Weapon","f59c4852-fe6e-43f1-8061-45302bf9cb03"
"63c5d2fa-560b-4513-8100-bea967d3adf1",FALSE,FALSE,FALSE,TRUE,FALSE,FALSE,FALSE,FALSE,"Weapon","70ebacc8-757e-41e6-af29-b17b8d2fa5cd"
"638094e4-3429-42ed-9957-60777bcf8839",FALSE,TRUE,FALSE,FALSE,FALSE,FALSE,FALSE,FALSE,"Weapon","68be08bd-7a0e-450e-917c-a57e60e40ca0"
"631dc8d3-1e0a-4b3e-a895-8db673783c46",FALSE,FALSE,TRUE,FALSE,FALSE,FALSE,FALSE,FALSE,"Weapon","38df4067-db48-4dbc-b1cf-c26e019137d8"
"6291ef46-7eaf-4245-bb65-feccd83ce003",FALSE,FALSE,FALSE,FALSE,FALSE,FALSE,FALSE,TRUE,"Weapon","f760efe8-9140-47b2-9ad6-7326f8724071"
"61fde085-1f99-4f15-a1af-b3591935bc7d",FALSE,FALSE,FALSE,FALSE,FALSE,TRUE,FALSE,FALSE,"Weapon","b18f9b8e-7d9f-48a4-866d-719000ab19c6"
"614c4572-fa62-4624-ac18-e1b167aa9f69",FALSE,FALSE,FALSE,FALSE,FALSE,FALSE,TRUE,FALSE,"Weapon","f02599fb-eb22-4840-81e7-a00b67efc428"
"6000583d-9d6a-4433-b293-87c28b1c69b0",FALSE,FALSE,FALSE,FALSE,FALSE,FALSE,FALSE,TRUE,"Weapon","fd6e21b8-7daf-405a-9fbf-fb891c4782da"
"5eb4b3a3-23b0-4e9e-abf3-3503cefc3a38",FALSE,FALSE,FALSE,FALSE,FALSE,FALSE,TRUE,FALSE,"Weapon","b4a5aa5e-de2a-4143-9fb4-e25b1932d088"
"5db76331-c0da-4d41-b68a-91f328279e36",FALSE,TRUE,FALSE,FALSE,FALSE,FALSE,FALSE,FALSE,"Summon","2a6d5749-67b1-44d8-a8bb-992a6c94d19f"
"5da6b5ad-4cad-494b-9054-74b3eb33208a",FALSE,TRUE,FALSE,FALSE,FALSE,FALSE,FALSE,FALSE,"Summon","9027167f-61ce-4d1d-926a-1467472be88c"
"5caa144d-5243-4156-be7d-82cbf87149cc",FALSE,FALSE,FALSE,FALSE,FALSE,TRUE,FALSE,FALSE,"Weapon","26a7f06a-c6dd-45cd-9a42-42e718ac3162"
"5ca170ca-8a7d-4e1f-b4c0-6b43278ca706",FALSE,FALSE,FALSE,FALSE,FALSE,FALSE,FALSE,TRUE,"Weapon","b0895af1-68fa-42fb-8f4d-53548d40e233"
"5c0fa5eb-0d16-4e39-a862-68d9c5a42bb9",FALSE,FALSE,FALSE,TRUE,FALSE,FALSE,FALSE,FALSE,"Weapon","40a141a8-b1cd-4548-95fa-70965c02d8df"
"5bb407b3-58be-420a-bce1-5880c13c7704",FALSE,FALSE,FALSE,FALSE,FALSE,TRUE,FALSE,FALSE,"Weapon","60c6d794-38ca-4190-918d-aad91d8a02fe"
"5a6044b1-88e8-4ee0-a323-06d21eefcb15",FALSE,FALSE,FALSE,FALSE,FALSE,TRUE,FALSE,FALSE,"Weapon","5b417358-03a6-4e15-81ad-362ba1387c7f"
"58986c28-16f4-4b24-adb7-445a37a56a5f",FALSE,FALSE,FALSE,FALSE,TRUE,FALSE,FALSE,FALSE,"Weapon","408e4bbb-595b-4452-95c9-826b12b43128"
"58332d54-bfbc-41d3-9a42-a370c1295c5c",FALSE,TRUE,FALSE,FALSE,FALSE,FALSE,FALSE,FALSE,"Weapon","50997fa8-35d4-413b-ab04-dd9fd746a4ed"
"58081b2a-9b26-404f-81b9-278edd9877c5",FALSE,FALSE,FALSE,FALSE,FALSE,TRUE,FALSE,FALSE,"Weapon","ad6e7f7e-221f-4af5-b878-d5eeb07bc7c9"
"57a75861-bb0c-4474-a9c3-8d5986e72c27",FALSE,FALSE,FALSE,TRUE,FALSE,FALSE,FALSE,FALSE,"Weapon","30c88740-864a-448e-a233-143ead4c08ae"
"56e1e249-94e5-4bdd-8219-2c561a4c4589",FALSE,TRUE,FALSE,FALSE,FALSE,FALSE,FALSE,FALSE,"Weapon","fd19e393-e0c0-4491-a5bf-95e96d77be5c"
"55c06598-d2b1-4a4b-a6b9-4e9ee920ae21",FALSE,FALSE,FALSE,TRUE,FALSE,FALSE,FALSE,FALSE,"Weapon","7ee9a439-9ccb-422a-8f2b-c2c88f6c62b2"
"55549e4b-d1de-485f-8f18-17982ed90e93",FALSE,FALSE,FALSE,FALSE,FALSE,FALSE,TRUE,FALSE,"Weapon","122542b3-f442-4d66-88aa-e0218230036f"
"54f91485-3cff-4dd4-a6f1-57bab5c0e49b",FALSE,FALSE,FALSE,TRUE,FALSE,FALSE,FALSE,FALSE,"Weapon","f72c5a14-5b57-47f2-a604-c3d4ada897f6"
"539d3fda-f916-44db-bee6-bd072f2a1389",FALSE,FALSE,FALSE,FALSE,FALSE,FALSE,FALSE,TRUE,"Weapon","b48e1733-fae7-4074-a842-97d6fa21ed56"
"5325fc47-4452-467f-86a8-ad84b9738111",FALSE,FALSE,TRUE,FALSE,FALSE,FALSE,FALSE,FALSE,"Weapon","302ded88-b5c9-4570-b422-66fc40277c4f"
"52f685e6-3a6a-48a8-b106-f6771f72a192",FALSE,TRUE,FALSE,FALSE,FALSE,FALSE,FALSE,FALSE,"Weapon","e5df9ac0-1857-496f-a866-74302a367437"
"52f12ff9-2dc4-4860-8f01-430c8e025f15",FALSE,FALSE,FALSE,FALSE,FALSE,TRUE,FALSE,FALSE,"Weapon","25f4d2ef-e3f4-4072-bba3-ceb28de01b4e"
"52de1a96-ccc4-4a0b-be4f-f9ea104a7b9f",FALSE,FALSE,FALSE,FALSE,FALSE,FALSE,FALSE,TRUE,"Weapon","1bdbd224-8d75-406e-b088-64285d5f990c"
"51a1f0ac-d2d2-4290-bb7b-59fa673d696a",FALSE,FALSE,FALSE,FALSE,FALSE,TRUE,FALSE,FALSE,"Weapon","08e1aa68-1860-4f08-ae2a-5bde5ad2eef9"
"51952ea2-b113-4a03-9cfe-c2beb5084b91",FALSE,FALSE,FALSE,TRUE,FALSE,FALSE,FALSE,FALSE,"Weapon","6b7616f3-fe18-4bde-9593-cec40b56faef"
"503f82d4-fec6-4f0d-90ab-e9446dbbaf85",FALSE,FALSE,FALSE,FALSE,TRUE,FALSE,FALSE,FALSE,"Weapon","265cd108-2db5-45f4-9c79-06633ddf8e10"
"4fc36245-755c-4434-947e-96cf2bd69ece",FALSE,FALSE,FALSE,TRUE,FALSE,FALSE,FALSE,FALSE,"Weapon","62cb63ba-f344-4856-bde0-015aea25245e"
"4fba122c-a218-4305-8598-569d58acc357",FALSE,FALSE,FALSE,FALSE,FALSE,TRUE,FALSE,FALSE,"Summon","6fec122b-3eb1-4b52-9890-05d24052e3f3"
"4f24c7c4-1144-4604-82d5-bdca5339c7d5",FALSE,TRUE,FALSE,FALSE,FALSE,FALSE,FALSE,FALSE,"Weapon","2f6bad00-bbe8-40ae-ba34-ec44f43d939d"
"4ee86361-5091-4f47-a84e-bcf30004361e",FALSE,FALSE,FALSE,TRUE,FALSE,FALSE,FALSE,FALSE,"Weapon","058ac6bc-6596-4a85-9ee1-b7c751c4c8b0"
"4ee0e46d-c75d-4d13-8caa-ce47bba71a7e",FALSE,FALSE,FALSE,FALSE,FALSE,TRUE,FALSE,FALSE,"Weapon","1e54bc0d-1779-4f8f-8ece-dcb9a6c0e6a5"
"4b5023d0-d461-4b51-9a01-a000c26f84b2",FALSE,FALSE,FALSE,FALSE,FALSE,FALSE,TRUE,FALSE,"Weapon","0c40bf3f-65a3-4e1e-bece-dcf6c6ae523f"
"4b411572-76d6-4951-9eae-f4522772de60",FALSE,FALSE,TRUE,FALSE,FALSE,FALSE,FALSE,FALSE,"Weapon","2e8bd614-0899-4706-84fa-91ebf35a66c4"
"4b0b403d-37f5-4656-aaf2-d898628ed880",FALSE,FALSE,FALSE,FALSE,FALSE,FALSE,FALSE,TRUE,"Weapon","ea8eaefd-4d45-4595-9787-f787b81b8b96"
"4a8f7178-2240-40f1-b9d7-99305e6ed094",FALSE,FALSE,FALSE,FALSE,FALSE,TRUE,FALSE,FALSE,"Weapon","e7b257a7-cdd9-471f-9e61-adc07ad5ca7b"
"4a0e4b00-e13d-41e1-90fb-82bc036def87",FALSE,TRUE,FALSE,FALSE,FALSE,FALSE,FALSE,FALSE,"Summon","a30189a9-d621-424b-b8dc-2ec206d440c2"
"494ff6ef-7b2d-4f6b-b133-aa843c4b4680",FALSE,FALSE,FALSE,FALSE,FALSE,TRUE,FALSE,FALSE,"Weapon","b402ccaf-695d-4fdb-9b15-98577b10deae"
"48ed132a-a9da-4f69-adf5-85d6f4c24e11",FALSE,TRUE,FALSE,FALSE,FALSE,FALSE,FALSE,FALSE,"Weapon","ee2b00e5-67c6-49f9-853d-1614aaafc797"
"486fa7a3-e2f7-4903-a88b-547b687eee5b",FALSE,FALSE,TRUE,FALSE,FALSE,FALSE,FALSE,FALSE,"Weapon","392fb919-a3b1-47be-8e3d-d0a9a4289f2d"
"4733c598-05eb-4b77-b405-802182ffa5da",FALSE,FALSE,FALSE,FALSE,FALSE,FALSE,TRUE,FALSE,"Weapon","1ef3cbbb-9fbe-495e-af05-46df4223f597"
"46896ebc-636f-4b35-8f0b-0ec30cb21856",FALSE,TRUE,FALSE,FALSE,FALSE,FALSE,FALSE,FALSE,"Weapon","c49d36cc-7482-42b1-8f84-24c86d1ab272"
"4507de74-7960-4944-99b5-562c01b615ff",FALSE,FALSE,FALSE,FALSE,FALSE,TRUE,FALSE,FALSE,"Weapon","2c4ea9f0-9844-4c68-bb06-8da9c5feba1b"
"43b97b11-c26d-4583-891f-11732253430e",FALSE,FALSE,FALSE,FALSE,FALSE,FALSE,FALSE,TRUE,"Weapon","744dda1d-5f7c-4d84-a351-5d5e89080c12"
"4214d371-daa3-49df-89b2-410b9ef76a31",FALSE,TRUE,FALSE,FALSE,FALSE,FALSE,FALSE,FALSE,"Weapon","b4daf922-155c-4703-8823-93ec306b9b75"
"41a76a24-fe82-437f-ba5a-6f5f5986b66f",FALSE,FALSE,FALSE,FALSE,TRUE,FALSE,FALSE,FALSE,"Weapon","7d393639-0782-4a25-84d9-67659bab8af2"
"419bccb2-1148-4bda-9443-d25fa006bb0f",FALSE,FALSE,FALSE,FALSE,FALSE,TRUE,FALSE,FALSE,"Weapon","9ece0c60-711a-4088-b5d7-cf2bd53721ea"
"414e3fe8-4bb7-47ab-b607-1e7ee7ccafb5",FALSE,FALSE,FALSE,FALSE,FALSE,TRUE,FALSE,FALSE,"Weapon","76c19e95-8fe8-49b8-98ef-d04cb7f2ad1c"
"41017579-7559-4e6a-8537-03d3bd5a1584",FALSE,FALSE,FALSE,FALSE,FALSE,TRUE,FALSE,FALSE,"Weapon","ae9bb930-8dd1-4046-b53f-97ae28f65d46"
"3f17737c-c871-4b10-8591-bacfb405b8a3",FALSE,FALSE,TRUE,FALSE,FALSE,FALSE,FALSE,FALSE,"Weapon","33d75927-70e9-49ba-8494-fb67b4567540"
"3eedc60c-34d6-4120-8334-1aba147b00ee",FALSE,FALSE,FALSE,FALSE,FALSE,TRUE,FALSE,FALSE,"Weapon","b7fa208f-461c-42b9-beb3-5fda4e779852"
"3e3b810e-39a8-45c4-94b9-0b58f1f503fa",FALSE,TRUE,FALSE,FALSE,FALSE,FALSE,FALSE,FALSE,"Summon","3d1456ee-0cf8-4939-b18d-968b9bb6cdf6"
"3d075670-6a55-459f-8a8e-b8245b9f5f8e",FALSE,FALSE,FALSE,FALSE,FALSE,TRUE,FALSE,FALSE,"Weapon","53bc7115-6f57-4e48-98ff-820f087ed864"
"3b87437f-5170-458d-93af-978780fe9067",FALSE,FALSE,FALSE,FALSE,FALSE,TRUE,FALSE,FALSE,"Weapon","bbf4d00d-2ad6-40d1-8d74-e2ddffb7cfdb"
"38ce0c45-ccd3-4045-a83a-f84949ee8172",FALSE,TRUE,FALSE,FALSE,FALSE,FALSE,FALSE,FALSE,"Summon","6a6535a1-e210-4efb-a1bc-c88aaf15c3d3"
"388b477c-bef7-4d1f-a131-adae36a75c55",FALSE,FALSE,FALSE,FALSE,FALSE,FALSE,TRUE,FALSE,"Weapon","e801b751-ae94-4802-87e2-870f835d7cb4"
"37dc1a59-5c58-48f9-8417-63683334feb3",FALSE,FALSE,TRUE,FALSE,FALSE,FALSE,FALSE,FALSE,"Weapon","843dc663-23d9-4077-b912-1048730414b7"
"376da3f7-91bc-45c5-9876-c97073d133c8",FALSE,FALSE,FALSE,TRUE,FALSE,FALSE,FALSE,FALSE,"Weapon","f9709ab1-b723-4329-8f3e-2e810ea77c95"
"36648642-a41c-4845-aef2-5c1501f767e6",FALSE,FALSE,FALSE,FALSE,FALSE,FALSE,TRUE,FALSE,"Weapon","63a54753-bd2e-4b96-961c-a757ab929484"
"35c595ed-807a-4b29-a855-e5800e7deaef",FALSE,FALSE,TRUE,FALSE,FALSE,FALSE,FALSE,FALSE,"Weapon","c9ee50dc-9ef1-4a70-abee-054afd853204"
"3586e164-f959-4ae1-8c73-ebc488354189",FALSE,TRUE,FALSE,FALSE,FALSE,FALSE,FALSE,FALSE,"Summon","2dc0621a-0495-4bb2-9add-3dc7a1ba28b0"
"35009a64-b780-4cde-b0ca-01983716dfe1",FALSE,FALSE,FALSE,FALSE,TRUE,FALSE,FALSE,FALSE,"Weapon","d4892429-5684-46bf-a368-f23c50a17408"
"34a0e823-b754-4df7-be1a-3f040776c62c",FALSE,TRUE,FALSE,FALSE,FALSE,FALSE,FALSE,FALSE,"Weapon","d9090d2e-3867-4427-9c39-8466b81378da"
"3398f5ac-eb25-48c7-ad41-537b91cf45e1",FALSE,FALSE,FALSE,FALSE,FALSE,TRUE,FALSE,FALSE,"Weapon","5c324efd-3ac4-4bf5-8515-b9b52c716624"
"329bc6bd-a464-4225-8b1c-5608412b23cb",FALSE,FALSE,FALSE,FALSE,FALSE,TRUE,FALSE,FALSE,"Weapon","2bf0792d-b7a5-4cdc-b290-8443f101903f"
"322db52d-1c66-41db-98c8-ce6cac378f9c",FALSE,FALSE,FALSE,FALSE,FALSE,TRUE,FALSE,FALSE,"Weapon","e38c00ab-aac4-49d5-bc39-6809beedcc33"
"31a29bfb-1a05-48a7-9747-52e15a02d9a9",FALSE,FALSE,FALSE,TRUE,FALSE,FALSE,FALSE,FALSE,"Weapon","82549bae-32b2-48d5-9a96-ab72c8a0bce2"
"31037813-8331-4c48-ad47-31d9c9c44e10",FALSE,FALSE,FALSE,FALSE,FALSE,FALSE,TRUE,FALSE,"Weapon","a5aa4794-23cf-43c5-baeb-05b77f7bbd9b"
"30d734d3-59e2-4cc8-a8fa-7a3f1badb9c3",FALSE,TRUE,FALSE,FALSE,FALSE,FALSE,FALSE,FALSE,"Weapon","278aa1b2-fe31-4c0a-9ebe-bef148c945a2"
"30b889df-ccdd-418f-9cae-3223b1eec8ff",FALSE,TRUE,FALSE,FALSE,FALSE,FALSE,FALSE,FALSE,"Weapon","d1ee1716-ed48-4eca-9c50-6e8fa80f53e4"
"3065dab9-274c-4a11-be8f-97f8d07483b4",FALSE,FALSE,FALSE,FALSE,FALSE,FALSE,TRUE,FALSE,"Weapon","36086af3-61d4-475f-83a8-2cb9fc20a6f3"
"2cf0fd9a-eb54-427c-a627-c65cce34b0df",FALSE,TRUE,FALSE,FALSE,FALSE,FALSE,FALSE,FALSE,"Weapon","1b679533-8062-4dba-aa57-db481a8dda32"
"2c4385bf-cb1b-4c00-95bd-9368c2f3c4ca",FALSE,FALSE,FALSE,FALSE,FALSE,TRUE,FALSE,FALSE,"Weapon","5920c812-cd02-4b9f-b88a-1c62c8ad371c"
"2ba79e03-9151-4a5c-b2cc-aaab1fadab1a",FALSE,FALSE,FALSE,FALSE,FALSE,FALSE,FALSE,TRUE,"Weapon","21af509e-7151-4cce-90f1-58397155f478"
"2aa30122-30da-4aaf-a354-679c358259fc",FALSE,FALSE,TRUE,FALSE,FALSE,FALSE,FALSE,FALSE,"Weapon","f764c444-14a4-404e-8c7d-56b0800a3b30"
"284966b0-0b2e-4242-b1da-554654c4dedc",FALSE,FALSE,TRUE,FALSE,FALSE,FALSE,FALSE,FALSE,"Weapon","f4460b37-ab5b-4252-bd79-009a8819ee25"
"27ce1b7c-8ffa-43ce-b929-7f96445e02d4",FALSE,TRUE,FALSE,FALSE,FALSE,FALSE,FALSE,FALSE,"Summon","e852dbee-d7d0-49e8-a8f7-0336e6ac8644"
"26bfe26c-e453-44c3-88a7-d15df918b19f",FALSE,FALSE,FALSE,FALSE,FALSE,FALSE,FALSE,TRUE,"Weapon","26e91805-8286-4dec-9275-94b6fc597ac2"
"2672e98e-3112-404f-9a53-c786ef5f7cd1",FALSE,FALSE,FALSE,FALSE,FALSE,TRUE,FALSE,FALSE,"Weapon","513fa1d8-d98d-417a-889d-dd6d5f3c20ce"
"243bcc88-fd31-4414-8232-94c9f73cde37",FALSE,TRUE,FALSE,FALSE,FALSE,FALSE,FALSE,FALSE,"Weapon","96537ac5-4d43-48f7-bc91-433102e2e69b"
"237dcb28-742d-4eed-87f3-67e4ad157024",FALSE,FALSE,FALSE,FALSE,FALSE,FALSE,FALSE,TRUE,"Weapon","84b4f01e-84f5-4e18-b13f-e895e8ddaa2f"
"23016eff-323d-432f-ad7a-5529d977bda9",FALSE,TRUE,FALSE,FALSE,FALSE,FALSE,FALSE,FALSE,"Weapon","6292c3a8-7c1f-47f4-a6e4-f3deb7ab5865"
"2206a157-f635-42de-beed-8be313c145ec",FALSE,FALSE,FALSE,FALSE,FALSE,TRUE,FALSE,FALSE,"Weapon","d33261e7-a1c6-4c9b-8c8d-4211d364d649"
"21095ef6-3891-48f3-b017-9b7f800efd85",FALSE,FALSE,TRUE,FALSE,FALSE,FALSE,FALSE,FALSE,"Weapon","1b3b84fd-eefa-4845-8fd0-b4452482e716"
"1fc0cfa1-7377-4328-a11c-0d293e5b4b36",FALSE,FALSE,TRUE,FALSE,FALSE,FALSE,FALSE,FALSE,"Weapon","c31b488a-9955-4972-90fe-f40820a898f9"
"1e9a3a77-7870-4d70-bc97-cca08f0ed64f",FALSE,FALSE,FALSE,TRUE,FALSE,FALSE,FALSE,FALSE,"Weapon","a7cf72a6-2827-46c2-bc03-b93a6f40ed59"
"1e5cb065-bd69-41f9-b1d2-7c701f106389",FALSE,FALSE,TRUE,TRUE,FALSE,FALSE,FALSE,FALSE,"Weapon","c6bc7c2d-78ae-44c6-97f5-e95d940db72f"
"1e18ab47-123f-41c4-a6d7-092068385aa9",FALSE,FALSE,FALSE,FALSE,FALSE,TRUE,FALSE,FALSE,"Weapon","0b9a075a-3771-4e9d-9952-ea06f2f534da"
"1df428f5-b924-4ebc-a1b9-c4cb9d4db42e",FALSE,FALSE,FALSE,FALSE,FALSE,TRUE,FALSE,FALSE,"Weapon","6198501f-9e82-4f16-8ad6-09e606e4743b"
"1d4e6005-63e1-49a2-a999-7753fcc34448",FALSE,FALSE,FALSE,TRUE,FALSE,FALSE,FALSE,FALSE,"Weapon","bc97b865-cec7-43d4-b080-1fc11feb3c7b"
"1c8d419a-4f76-41c2-9e1b-4c0c231b1aa2",FALSE,FALSE,FALSE,TRUE,FALSE,FALSE,FALSE,FALSE,"Weapon","6086c923-ffde-4aad-b908-dfbc09114af7"
"1c124210-8494-42bf-9bab-7fb4fc56a548",FALSE,FALSE,FALSE,FALSE,FALSE,TRUE,FALSE,FALSE,"Weapon","24a368da-5f97-483a-9d47-10410c2342b8"
"1b5acc7a-2e98-44c5-a1ff-1639ed70acbf",FALSE,FALSE,FALSE,FALSE,FALSE,TRUE,FALSE,FALSE,"Weapon","1c8ac394-43ac-497b-bcbd-36c4f2375107"
"1b37612c-2e79-4030-b4c0-a347bb2f95d4",FALSE,FALSE,FALSE,FALSE,FALSE,TRUE,FALSE,FALSE,"Weapon","b8e66466-0cdc-4e7f-8df8-448a3814a45b"
"19f8b2ef-9417-4a30-99ad-341af90c9b9a",FALSE,TRUE,FALSE,FALSE,FALSE,FALSE,FALSE,FALSE,"Weapon","4291c92b-0e23-4f61-8f68-fdc7987472d3"
"19257293-fc8c-4a44-a553-0f820a10b579",FALSE,FALSE,FALSE,FALSE,FALSE,TRUE,FALSE,FALSE,"Weapon","625c5213-8a8e-4c9b-a50b-431fd1412f8d"
"181a8f3d-ff69-45df-9f47-3db163c0a41b",FALSE,FALSE,TRUE,FALSE,FALSE,FALSE,FALSE,FALSE,"Weapon","8c82d016-7c83-450d-95b1-a2c2d1f71488"
"140990fb-d074-4b2d-9938-949543ffadf7",FALSE,TRUE,FALSE,FALSE,FALSE,FALSE,FALSE,FALSE,"Weapon","25249222-1099-413e-82e7-f1195bd8b855"
"13c8c3e5-0c03-46f6-afd3-c112620418df",FALSE,FALSE,FALSE,TRUE,FALSE,FALSE,FALSE,FALSE,"Weapon","d5de1d8c-9480-44f8-a09f-95e87d0bbfbd"
"1364db4d-7ec4-4bfa-b9c9-7b61533a7853",FALSE,FALSE,FALSE,TRUE,FALSE,FALSE,FALSE,FALSE,"Weapon","e1beaa05-2791-4dbf-9966-6dada0b88b61"
"12c9fabb-f216-4807-955f-d45b64677f9d",FALSE,FALSE,FALSE,FALSE,FALSE,FALSE,FALSE,TRUE,"Weapon","0d380e87-90b9-4221-8ae7-87d35ae376da"
"12aa0622-76d2-4538-9aed-b77098d26604",FALSE,FALSE,FALSE,FALSE,FALSE,FALSE,FALSE,TRUE,"Weapon","87546fb3-83bd-4c11-9c66-bcc8183c40bf"
"129f2c96-c0e8-4163-9ec5-24dc6c744cba",FALSE,FALSE,FALSE,FALSE,FALSE,TRUE,FALSE,FALSE,"Weapon","2ccce404-8e9f-4f28-8eb7-1c0825285fa7"
"0fd2e074-3774-416b-9fdd-0562e1551d02",FALSE,FALSE,FALSE,TRUE,FALSE,FALSE,FALSE,FALSE,"Weapon","0f9b6a16-425b-4571-bae7-03cb3c88f62c"
"0f3d0566-9a07-46a0-8c34-b26b240bf5b4",FALSE,FALSE,FALSE,FALSE,FALSE,TRUE,FALSE,FALSE,"Weapon","3921c37d-a893-4b7b-b404-14f96407e651"
"0e78227f-65e1-43ba-ae1a-5a84696a36c4",FALSE,TRUE,FALSE,FALSE,FALSE,FALSE,FALSE,FALSE,"Summon","069b628e-c33a-4714-b5a5-26990cf61e0f"
"0e551c05-cb2c-43ca-a509-d67efa728841",FALSE,FALSE,TRUE,FALSE,FALSE,FALSE,FALSE,FALSE,"Weapon","39d115de-aa51-484c-8a0d-eb376f309a7b"
"0e2ddef0-5966-4ab7-8b09-234eaf540c81",FALSE,FALSE,FALSE,FALSE,FALSE,TRUE,FALSE,FALSE,"Weapon","aedcdfdb-3243-413f-bfb7-685dcba33cf1"
"0da814d9-1039-44a3-b4b7-08ded76ab1ae",FALSE,FALSE,FALSE,FALSE,FALSE,TRUE,FALSE,FALSE,"Weapon","2b6b82ff-94b1-4e44-a785-c8cdd6ecab23"
"0d838129-7e54-4acb-8031-0e7017d88adf",FALSE,TRUE,FALSE,FALSE,FALSE,FALSE,FALSE,FALSE,"Weapon","109118f7-ce27-41e5-9797-42a712740a86"
"0a7971c4-281f-47ad-a1d5-a7d6d43b8f81",FALSE,FALSE,FALSE,FALSE,TRUE,FALSE,FALSE,FALSE,"Weapon","39a073b9-5c70-46bf-b61d-f4f09a77267a"
"0862aedd-4c70-4d1a-a5e2-3be202753b00",FALSE,FALSE,FALSE,FALSE,FALSE,FALSE,FALSE,TRUE,"Summon","2f1d280c-21bf-4d8b-9a99-bc53cea2e96f"
"066de2ac-0707-4443-9b2e-302073dfac92",FALSE,FALSE,FALSE,FALSE,FALSE,TRUE,FALSE,FALSE,"Weapon","0bfecf27-b7ed-4983-ad62-fd67fbcf1913"
"062d3059-9dee-447e-b6bc-9c2de1e09d04",FALSE,FALSE,FALSE,FALSE,FALSE,TRUE,FALSE,FALSE,"Weapon","9d071ec8-b231-42b5-9594-d33e194e7d8c"
"062ad57c-d59c-4c67-bf75-483da006c593",FALSE,FALSE,FALSE,FALSE,TRUE,FALSE,FALSE,FALSE,"Weapon","0df4b165-7170-4d90-a6db-9451360c0580"
"06268103-646c-4bab-88fc-a75125f60ab0",FALSE,FALSE,FALSE,FALSE,TRUE,FALSE,FALSE,FALSE,"Weapon","210426dc-6c53-4cdb-95ca-f4f8b9685697"
"059b64f3-761a-4c62-a558-f1c224324d0e",FALSE,TRUE,FALSE,FALSE,FALSE,FALSE,FALSE,FALSE,"Weapon","489939fd-3313-436b-8ec4-ef2fd57af7fb"
"054126ef-c5ca-4fc9-b90b-5a59e5bfcbd7",FALSE,FALSE,FALSE,FALSE,TRUE,FALSE,FALSE,FALSE,"Weapon","fdae331a-985c-461f-a07e-e4ca971f5cf7"
"036b1532-146d-41a4-ac2b-308f9ff055d6",FALSE,TRUE,FALSE,FALSE,FALSE,FALSE,FALSE,FALSE,"Weapon","a96e4f5c-c7ea-46e4-a5d3-cd64c57b49e1"
"03340713-3093-48dc-90d7-f8341993f88b",FALSE,FALSE,TRUE,FALSE,FALSE,FALSE,FALSE,FALSE,"Weapon","a4441a22-4704-4fbc-a543-77d3b952e921"
"02955a32-de52-416b-adaf-1d4234a38749",FALSE,TRUE,FALSE,FALSE,FALSE,FALSE,FALSE,FALSE,"Weapon","5911988f-049b-419f-90a1-8748225375b1"
"02851dac-13f0-48af-ac2f-1460df27b341",FALSE,FALSE,FALSE,FALSE,FALSE,TRUE,FALSE,FALSE,"Weapon","a7af0e69-a56a-4a85-ab7b-b863d7616082"
"01af1476-57d4-49fb-8399-365d6228d17f",FALSE,FALSE,FALSE,FALSE,FALSE,TRUE,FALSE,FALSE,"Weapon","a386addc-c78d-42d8-b684-9f1ec5cded4c"
"44f2608c-b727-4fd0-bd1b-b0242700cb83",TRUE,FALSE,TRUE,TRUE,TRUE,TRUE,TRUE,TRUE,"Weapon","e72a3696-56ca-4ce9-ae22-0af7e373a10f"
"68f3555b-627a-4c24-934b-26aedbf96b4e",FALSE,FALSE,TRUE,FALSE,FALSE,FALSE,FALSE,FALSE,"Weapon","cdbb04d9-caee-482e-ae40-5e3c9aaa571a"
