"id","name_en","name_jp","granblue_id","rarity","element","series","flb","ulb","max_level","min_hp","max_hp","max_hp_flb","max_hp_ulb","min_atk","max_atk","max_atk_flb","max_atk_ulb","subaura","limit","xlb","max_atk_xlb","max_hp_xlb"
"27aa1e76-f36c-42a7-a213-09be9d192026","Godsworn Alexiel","ゴッドガード・ブローディア","2040205000",3,4,"1",FALSE,FALSE,100,140,870,,,140,870,,,FALSE,FALSE,FALSE,,
"05214d59-2765-40c3-9a1d-6c29c6bdc6d6","Colossus Omega","コロッサス・マグナ","2040034000",3,2,"2",TRUE,TRUE,200,103,648,778,921,103,648,778,921,FALSE,FALSE,FALSE,,
"52d19a56-f1ca-476f-9833-392bee1b3179","Europa","エウロペ","2040225000",3,3,"1",FALSE,FALSE,100,150,880,,,150,880,,,FALSE,FALSE,FALSE,,
"6a69004d-67b6-4fbf-bcf5-1f61d06ef2b9","Shiva","シヴァ","2040185000",3,2,"1",FALSE,FALSE,100,135,850,,,135,850,,,FALSE,FALSE,FALSE,,
"72f7448f-191b-4103-9374-489664b9cb86","Titan","ティターン","2040084000",3,4,"3",TRUE,TRUE,200,140,920,1310,1505,140,920,1310,3163,FALSE,FALSE,FALSE,,
"766d94e2-6dd3-45e5-8576-630813afcbbe","Raphael","ラファエル","2040202000",3,1,"5",TRUE,FALSE,150,158,930,1316,,251,1750,2500,,TRUE,FALSE,FALSE,,
"d27d0d9a-3b38-4dcd-89a5-4016c2906249","Bahamut","バハムート","2040003000",3,5,"0",TRUE,TRUE,200,140,850,1210,1390,140,850,1210,1390,TRUE,FALSE,TRUE,,
"f9f6e2bc-79d5-4a14-b01c-3510c4e616b2","Grimnir","グリームニル","2040261000",3,1,"1",FALSE,FALSE,100,134,851,,,134,851,,,FALSE,FALSE,FALSE,,
"caa71847-072e-4437-abb2-19b4f34943c0","Zeus","ゼウス","2040080000",3,6,"3",TRUE,TRUE,200,130,790,1120,1285,130,790,1120,3608,FALSE,FALSE,FALSE,,
"d9d5aeff-fdff-407b-b0c7-6018347c611c","Demi Titan","ティターン・ディヴィジョン","2040271000",3,4,"4",TRUE,FALSE,150,106,650,922,,106,650,922,,FALSE,FALSE,FALSE,,
"9aac65dd-e5b1-4611-afc5-a07b45f584a3","Xeno Vohu Manah","ゼノ・ウォフマナフ","2040370000",3,4,,TRUE,FALSE,150,106,649,921,,255,1617,2298,,FALSE,FALSE,FALSE,,
"c568242a-abdd-48e9-a488-ca9487b23106","Tsuchinoko","ツチノコ","2040392000",3,4,"11",TRUE,FALSE,150,153,875,1236,,310,2080,2965,,TRUE,FALSE,FALSE,,
"0d41e260-ee52-410e-bd84-0273332f95bd","Yggdrasil Omega","ユグドラシル・マグナ","2040027000",3,4,"2",TRUE,TRUE,200,106,651,781,924,106,651,781,924,FALSE,FALSE,FALSE,,
"6a153799-111f-4ffb-8eed-7d101e2a62f9","Luminiera Omega","シュヴァリエ・マグナ","2040047000",3,6,"2",TRUE,TRUE,200,105,650,780,923,105,650,780,923,FALSE,FALSE,FALSE,,
"70de98fe-9e06-4179-880b-8af48cf1e4e4","Leviathan Omega","リヴァイアサン・マグナ","2040028000",3,3,"2",TRUE,TRUE,200,107,652,782,925,107,652,782,925,FALSE,FALSE,FALSE,,
"a357ab34-8672-4590-91a7-15f0d5ade0ce","Celeste Omega","セレスト・マグナ","2040046000",3,5,"2",TRUE,TRUE,200,101,646,776,919,101,646,776,919,FALSE,FALSE,FALSE,,
"41c09f61-1fba-43a6-9a8b-1ef037dd49e4","Zephyrus","ゼピュロス","2040098000",3,1,"3",TRUE,TRUE,200,128,774,1097,1259,128,774,1097,3653,FALSE,FALSE,FALSE,,
"fbeaa551-7ea1-48f3-982f-f4569d14fb45","Agni","アグニス","2040094000",3,2,"3",TRUE,TRUE,200,127,770,1092,1253,127,770,1092,3685,FALSE,FALSE,FALSE,,
"085bf627-19d9-401e-9753-7874945d6f26","Demi Agni","アグニス・ディヴィジョン","2040269000",3,2,"4",TRUE,FALSE,150,103,647,919,,103,647,919,,FALSE,FALSE,FALSE,,
"8a7bad34-a41d-418e-849c-460d93f5860a","Demi Zephyrus","ゼピュロス・ディヴィジョン","2040272000",3,1,"4",TRUE,FALSE,150,104,648,920,,104,648,920,,FALSE,FALSE,FALSE,,
"3660b6a2-f481-4a5a-beea-38f77a62ed2d","The Devil","ザ・デビル","2040240000",3,2,"6",TRUE,TRUE,200,112,698,986,1130,112,698,986,1130,TRUE,FALSE,FALSE,,
"010d23b1-1150-4101-9863-17f97d6a9c39","Wamdus","ワムデュス","2040413000",3,3,"12",TRUE,FALSE,100,160,900,1270,,234,1704,2439,,TRUE,FALSE,FALSE,,
"262b9f1e-1416-4109-9233-1f51b08e2fc6","Snapshot of Divinity","十二神将水浴衣図","2040396000",3,3,,FALSE,FALSE,100,108,508,,,155,1782,,,FALSE,FALSE,FALSE,,
"2f1d280c-21bf-4d8b-9a99-bc53cea2e96f","Sariel (Holiday)","サリエル(クリスマスver)","2040388000",3,5,,TRUE,FALSE,150,127,805,975,,382,2077,2501,,FALSE,FALSE,FALSE,,
"31c97ec7-de55-410e-ad88-862cb8d87eb6","Destiny Nocturnes","宿命夜想曲･特攻隊","2040400000",3,4,,FALSE,FALSE,100,88,548,,,255,1582,,,FALSE,FALSE,FALSE,,
"3b254193-29c9-4abe-a6a4-bf9e3e986b74","Nyarlathotep","ナイアルラトホテップ","2040352000",3,5,,TRUE,FALSE,150,121,814,990,,121,814,990,,TRUE,FALSE,FALSE,,
"64a2d67d-12df-4adc-95a7-8eb1b8cc5226","Usopp, Chopper, Franky, Brook, and Jimbei","ウソップ＆チョッパー＆フランキー＆ブルック＆ジンベエ","2040414000",3,3,,TRUE,FALSE,150,88,578,701,,255,1432,1726,,FALSE,FALSE,FALSE,,
"74c2448f-e861-49aa-9e8c-a7cd66bfa703","Gold Ship and Mejiro McQueen","ゴールドシップ＆メジロマックイーン","2040404000",3,4,,TRUE,FALSE,150,90,537,649,,245,1637,1985,,FALSE,FALSE,FALSE,,
"82313035-51a0-46b2-9805-fe9532f7608a","Giyu Tomioka","冨岡義勇","2040389000",3,3,,TRUE,FALSE,150,98,615,744,,210,1300,1573,,FALSE,FALSE,FALSE,,
"8918bee6-7aa0-4f0e-ab4a-3d521fd53541","Xeno Ifrit","ゼノ・イフリート","2040367000",3,2,,TRUE,FALSE,150,101,641,911,,280,1657,2346,,FALSE,FALSE,FALSE,,
"3bedbba8-75b1-43ef-be40-5ef26d32c17b","Belial","ベリアル","2040347000",3,5,"0",TRUE,FALSE,150,120,800,1140,,120,800,1140,,TRUE,FALSE,FALSE,,
"42899ba7-dbf4-433f-8dd4-805010a1a627","Yatima","ヤチマ","2040417000",3,3,"0",TRUE,FALSE,150,138,1155,,,327,2870,,,TRUE,TRUE,FALSE,,
"06d3f4e6-edd0-42ee-8df7-813dd792c639","Metatron","メタトロン","2040330000",3,6,"5",TRUE,FALSE,150,138,816,1155,,327,2022,2870,,TRUE,FALSE,FALSE,,
"597d6c56-73e3-424f-9971-8a237700fe08","Michael","ミカエル","2040306000",3,2,"5",TRUE,FALSE,150,129,832,1184,,359,2240,3181,,TRUE,FALSE,FALSE,,
"847d02f5-2b63-478b-b450-ae0d3c0091cf","Halluel and Malluel","ハールート・マールート","2040275000",3,6,"5",TRUE,FALSE,150,135,808,1145,,350,2075,2938,,TRUE,FALSE,FALSE,,
"06146f1c-7a1c-48b6-af8a-5d25ce5fdd8e","The Tower","ザ・タワー","2040241000",3,4,"6",TRUE,TRUE,200,115,700,989,1133,115,700,989,1133,TRUE,FALSE,FALSE,,
"fbde7c76-be0c-4a42-8479-046ed9715db9","Death","デス","2040238000",3,5,"6",TRUE,TRUE,200,109,695,984,1128,109,695,984,1128,TRUE,FALSE,FALSE,,
"1fb0ce8a-b04b-4d48-b888-485c80f935bf","Artemis","アルテミス","2040381000",3,6,,FALSE,FALSE,100,136,814,,,136,814,,,TRUE,FALSE,FALSE,,
"289d1aef-c760-497f-b62b-1b14ba4b2bcf","Sleepyhead (Summer)","スリーピィ(水着バージョン)","2040412000",3,5,,TRUE,FALSE,150,139,851,1029,,325,1850,2231,,TRUE,FALSE,FALSE,,
"5f91d99a-2277-4224-a1b7-af07326d3cab","Guardian Ku-Keoloewa","護りし者 クー・ケオロエワ","2040387000",3,1,,FALSE,FALSE,100,93,576,,,230,1442,,,FALSE,FALSE,FALSE,,
"64e08e00-6ed9-46be-8e8c-41e44de6deb1","Cutest Golden Statue in the Skies","世界で一番カワイイ黄金像","2040386000",3,4,,FALSE,FALSE,100,99,627,,,200,1337,,,FALSE,FALSE,FALSE,,
"801ad1b4-bb0f-49f1-b793-93cbe8779466","Ultra Robo Grand God Kaiser","極鋼巨帝グランゴッドカイザー","2040391000",3,6,,FALSE,FALSE,100,89,565,,,250,1497,,,FALSE,FALSE,FALSE,,
"9c294f6a-fad9-415f-aae9-7d3a64ccfd78","Frost Lord's Army","竜騰虎闘の氷皇軍","2040384000",3,3,,FALSE,FALSE,100,90,573,,,245,1457,,,FALSE,FALSE,FALSE,,
"9dbd2236-cc07-4985-b416-0e18c16c39d2","Mandrake (Summer)","マンドラゴラ(水着)","2040403000",3,4,,TRUE,FALSE,150,162,905,1090,,220,1620,1970,,TRUE,FALSE,FALSE,,
"a77ab00b-0610-4311-a7a5-f6d03ced7b77","Grueler","ゲルラ","2040178000",3,2,,FALSE,FALSE,100,90,570,,,90,570,,,FALSE,FALSE,FALSE,,
"b5827944-b410-490c-8209-09fe7098959e","Tiamat (Summer)","ティアマト(水着)","2040402000",3,1,,TRUE,FALSE,150,140,850,1030,,315,1850,2230,,TRUE,FALSE,FALSE,,
"67452848-42e6-480b-a5df-f6c6c59c8ece","Tiamat Omega","ティアマト・マグナ","2040020000",3,1,"2",TRUE,TRUE,200,104,650,780,923,104,650,780,923,FALSE,FALSE,FALSE,,
"1e3be2f2-803c-4cff-802d-785f3b682cfb","Hades","ハデス","2040090000",3,5,"3",TRUE,TRUE,200,123,755,1071,1229,123,755,1071,3798,FALSE,FALSE,FALSE,,
"592ef686-148b-45d0-9b0b-5148a7b869b6","Varuna","ヴァルナ","2040100000",3,3,"3",TRUE,TRUE,200,130,800,1135,1303,130,800,1135,3485,FALSE,FALSE,FALSE,,
"2b5c8036-aa32-48a4-a6de-92f37317e192","Demi Varuna","ヴァルナ・ディヴィジョン","2040270000",3,3,"4",TRUE,FALSE,150,107,653,926,,107,653,926,,FALSE,FALSE,FALSE,,
"4ccdb82d-96c5-46f1-b82a-d890f26dc23e","Demi Hades","ハデス・ディヴィジョン","2040274000",3,5,"4",TRUE,FALSE,150,101,645,917,,101,645,917,,FALSE,FALSE,FALSE,,
"6efcc6bf-cf76-47d6-b646-ab9aa952670b","Demi Zeus","ゼウス・ディヴィジョン","2040273000",3,6,"4",TRUE,FALSE,150,105,651,924,,105,651,924,,FALSE,FALSE,FALSE,,
"0fcfa02d-879f-4166-bc70-1f86a99a45ca","Sariel","サリエル","2040327000",3,5,"5",TRUE,FALSE,150,132,790,1119,,357,2155,3054,,TRUE,FALSE,FALSE,,
"28168884-e7e2-4d50-b385-2e3f0cd98c52","Gabriel","ガブリエル","2040311000",3,3,"5",TRUE,FALSE,150,140,850,1205,,375,2100,2963,,TRUE,FALSE,FALSE,,
"3cc86819-684c-43cd-beb4-a5d325f93e69","Uriel","ウリエル","2040203000",3,4,"5",TRUE,FALSE,150,133,844,1200,,352,2180,3094,,TRUE,FALSE,FALSE,,
"0156d098-f5e7-4d72-8d14-34e6adff9280","The Moon","ザ・ムーン","2040243000",3,3,"6",TRUE,TRUE,200,110,668,952,1094,110,668,952,1094,TRUE,FALSE,FALSE,,
"25323902-6dcb-4f8e-b0bc-f0713573f1ba","Judgement","ジャッジメント","2040245000",3,1,"6",TRUE,TRUE,200,107,665,949,1091,107,665,949,1091,TRUE,FALSE,FALSE,,
"46d08356-a284-4fe5-97f3-2ec162eb71ea","The Star","ザ・スター","2040242000",3,6,"6",TRUE,TRUE,200,113,699,988,1132,113,699,988,1132,TRUE,FALSE,FALSE,,
"4f6b3ccd-c906-43d6-9720-8328317cf6b2","The Sun","ザ・サン","2040244000",3,2,"6",TRUE,TRUE,200,106,664,948,1090,106,664,948,1090,TRUE,FALSE,FALSE,,
"5e67391a-c7b6-4bab-bae0-eb7ecf69151e","Justice","ジャスティス","2040236000",3,3,"6",TRUE,TRUE,200,116,702,990,1134,116,702,990,1134,TRUE,FALSE,FALSE,,
"7b905678-d32b-4141-83df-bb7fa1e44ca7","The Hanged Man","ザ・ハングドマン","2040237000",3,4,"6",TRUE,TRUE,200,109,667,951,1093,109,667,951,1093,TRUE,FALSE,FALSE,,
"9cc21948-646a-41f2-af3c-645c0b1688be","Temperance","テンペランス","2040239000",3,1,"6",TRUE,TRUE,200,113,699,987,1131,113,699,987,1131,TRUE,FALSE,FALSE,,
"18a7947f-b386-477b-a53a-05c340da9860","Gilgamesh","ギルガメッシュ","2040130000",3,4,"7",TRUE,FALSE,150,140,825,1000,,140,825,1000,,FALSE,FALSE,FALSE,,
"26ec677a-1dbf-42b1-b216-482b89afa4c5","Ca Ong","カー・オン","2040160000",3,3,"7",TRUE,FALSE,150,140,804,970,,140,804,970,,FALSE,FALSE,FALSE,,
"2f4ee54f-3913-4e7e-83a2-3ceb87a8ad33","Morrigna","バイヴカハ","2040122000",3,1,"7",TRUE,FALSE,150,140,823,990,,140,823,990,,FALSE,FALSE,FALSE,,
"9cb0884e-2163-42eb-a56b-eb4a3907db58","Hector","ヘクトル","2040144000",3,6,"7",TRUE,FALSE,150,140,824,1000,,140,824,1000,,FALSE,FALSE,FALSE,,
"d36557be-8246-40d6-833e-ffe13889c267","Anubis","アヌビス","2040134000",3,5,"7",TRUE,FALSE,150,140,820,990,,140,820,990,,FALSE,FALSE,FALSE,,
"db262281-2388-497e-9a0b-ff35377df61f","Prometheus","プロメテウス","2040125000",3,2,"7",TRUE,FALSE,150,140,822,990,,140,822,990,,FALSE,FALSE,FALSE,,
"69721f57-aaa4-4438-8ce6-2b3a9c9725ca","Kaguya","カグヤ","2040114000",3,3,"9",TRUE,FALSE,150,150,860,,,150,860,,,TRUE,FALSE,FALSE,,
"04302038-a8dc-4860-a09a-257c0a6ac2a9","Lucifer","ルシフェル","2040056000",3,6,"0",TRUE,TRUE,250,136,900,1280,1470,136,900,1280,1470,FALSE,FALSE,TRUE,,
"cdc5c083-22b2-4424-9475-6ae85c704cab","Grand Order","ジ・オーダー・グランデ","2040065000",3,6,"9",TRUE,FALSE,150,140,880,1250,,140,880,1250,,TRUE,FALSE,FALSE,,
"01b40cab-5609-427c-98bf-ae235c001352","Princess Knight","プリンセスナイト","2040303000",3,6,,FALSE,FALSE,100,95,580,,,95,580,,,FALSE,FALSE,FALSE,,
"02ad81b3-fc48-4e0e-b4c4-c46c0d084b73","Dynamic Merc Duo","疾風怒濤の傭兵コンビ","2040360000",3,4,,FALSE,FALSE,100,96,587,,,96,587,,,FALSE,FALSE,FALSE,,
"02b5b2e8-7be1-455c-8616-d960cf348405","Druj","ドゥルジ","2040133000",3,6,,FALSE,FALSE,100,90,570,,,90,570,,,FALSE,FALSE,FALSE,,
"033d2cdb-119f-4d4c-af5a-424bc2ad245e","Odin","オーディン","2040029000",3,6,,TRUE,FALSE,150,135,860,1040,,135,860,1040,,FALSE,FALSE,FALSE,,
"036e9085-cb3e-4c6e-9de4-adb29d4635dd","Grani","グラニ","2040007000",3,3,,TRUE,FALSE,150,126,756,910,,126,756,910,,FALSE,FALSE,FALSE,,
"04c636b6-d1a0-4e69-8d81-0ebf8461ac91","Rainy Day","RAINY DAY","2040332000",3,5,,FALSE,FALSE,100,85,550,,,85,550,,,FALSE,FALSE,FALSE,,
"04fff7fb-991e-4572-8e46-fff4e432265c","Freyr","フレイ","2040281000",3,1,,TRUE,FALSE,150,117,710,860,,117,710,860,,FALSE,FALSE,FALSE,,
"052690e8-cfff-47d0-8fa9-eef454f6e14f","Dragon Knights","ドラゴンナイツ","2040181000",3,1,,TRUE,FALSE,150,92,575,700,,92,575,700,,FALSE,FALSE,FALSE,,
"067b9800-2055-4433-bdc8-8adcaf3087ce","Macula Marius (Summer)","マキュラ・マリウス (水着)","2040293000",3,3,,TRUE,FALSE,150,125,755,910,,125,755,910,,FALSE,FALSE,FALSE,,
"069b628e-c33a-4714-b5a5-26990cf61e0f","Cybele","キュベレー","2040036000",3,4,,TRUE,FALSE,150,129,790,960,,129,790,960,,FALSE,FALSE,FALSE,,
"06b4b844-019d-4091-bdb4-c0386c70c861","Athena (Summer)","アテナ (水着)","2040369000",3,2,,TRUE,FALSE,150,137,815,980,,137,815,980,,FALSE,FALSE,FALSE,,
"08f2385b-f6f2-4ccd-b199-f20a401d34f1","Sethlans","セスランス","2040171000",3,2,,TRUE,FALSE,150,118,712,860,,118,712,860,,FALSE,FALSE,FALSE,,
"0a9c4427-c7e9-455e-b7b3-8285f9506fe7","Super Robo Gigantes","超鋼巨人・ゴッドギガンテス","2040159000",3,6,,FALSE,FALSE,100,93,576,,,93,576,,,FALSE,FALSE,FALSE,,
"0c859aa1-3672-45cd-9035-a16960240a2e","Ebisu","ヱビス","2040085000",3,3,,FALSE,FALSE,100,97,600,,,97,600,,,FALSE,FALSE,FALSE,,
"0f916d8b-98a2-4b64-a93c-17a2c0bef300","Nephthys","ネフティス","2040011000",3,1,,FALSE,FALSE,100,94,577,,,94,577,,,FALSE,FALSE,FALSE,,
"12436ae8-5599-490c-a8e4-2114304b4100","Mithra","ミスラ","2040039000",3,1,,FALSE,FALSE,100,105,650,,,105,650,,,FALSE,FALSE,FALSE,,
"13fdaab2-63df-42e1-bf8a-8e0678ea0310","Opal Carbuncle","カーバンクル・オパール","2030042000",2,6,,FALSE,FALSE,75,86,516,,,86,516,,,FALSE,FALSE,FALSE,,
"14b53b82-a923-40b5-b14b-d342ee6e78a4","Xuanwu","玄武","2040377000",3,3,,TRUE,FALSE,150,102,624,885,,102,624,885,,FALSE,FALSE,FALSE,,
"16106246-d700-4dce-9876-cdc98a22c796","Levin Sisters","レヴィオンシスターズ","2040189000",3,6,,FALSE,FALSE,100,95,570,,,95,570,,,FALSE,FALSE,FALSE,,
"17314c57-ce6d-4e10-be7c-ddcab7fbcc53","From Ladiva with Love","レスラーより愛をこめて","2040329000",3,6,,FALSE,FALSE,100,97,580,,,97,580,,,FALSE,FALSE,FALSE,,
"17431b25-7b27-4e23-8519-7e065a8319cd","Baihu","白虎","2040378000",3,4,,TRUE,FALSE,150,106,649,921,,106,649,921,,FALSE,FALSE,FALSE,,
"20152678-a534-4791-af7a-e95029499e86","Ti Icniuhtli Xolotl","ティクニウトリ・ショロトル","2040124000",3,6,,FALSE,FALSE,100,90,560,,,90,560,,,FALSE,FALSE,FALSE,,
"22b5b81a-759a-4c96-b4dd-07a33f614d0c","Oxymoron","オクシモロン","2040076000",3,2,,FALSE,FALSE,100,100,634,,,100,634,,,FALSE,FALSE,FALSE,,
"24a8e1a9-a4e9-4fa2-97d9-5a2e89f17cad","Ifrit","イフリート","2040016000",3,2,,TRUE,FALSE,150,82,518,610,,82,518,610,,FALSE,FALSE,FALSE,,
"26d5ed0e-93d6-48c4-8a61-abeddd941f54","Qinglong","青龍","2040379000",3,1,,TRUE,FALSE,150,104,647,919,,104,647,919,,FALSE,FALSE,FALSE,,
"26f2894a-67fa-4b1b-aeb1-e286023da692","Behemoth","ベヒーモス","2040019000",3,5,,FALSE,FALSE,100,114,656,,,114,656,,,FALSE,FALSE,FALSE,,
"29e83b05-cc6c-4d2b-aba3-f9088c516ffc","Elil","エッリル","2040344000",3,1,,TRUE,FALSE,150,130,810,980,,130,810,980,,TRUE,FALSE,FALSE,,
"2a6d5749-67b1-44d8-a8bb-992a6c94d19f","Nezha","ナタク","2040042000",3,1,,TRUE,FALSE,150,121,729,880,,121,729,880,,FALSE,FALSE,FALSE,,
"2a930992-7953-4869-a7bb-17e7a80f29fb","Yggdrasil (Summer)","ユグドラシル (水着)","2040333000",3,4,,TRUE,FALSE,150,137,820,1030,,137,820,1030,,FALSE,FALSE,FALSE,,
"2bcfcacb-f19d-4ae9-ba72-5179730e0b8d","King Krustacea","氷海の覇王","2040123000",3,5,,FALSE,FALSE,100,91,622,,,91,622,,,FALSE,FALSE,FALSE,,
"2c789674-7085-4522-912e-26e36644f3d0","Aquamarine Carbuncle","カーバンクル・アクアマリン","2030021000",2,3,,FALSE,FALSE,75,88,516,,,88,516,,,FALSE,FALSE,FALSE,,
"2c95f05c-7dc9-470c-98b9-2e5189323841","Goregrinders","ゴアグラインダー","2040365000",3,1,,FALSE,FALSE,100,88,571,,,88,571,,,FALSE,FALSE,FALSE,,
"2ca9644d-8313-4ff6-80a3-a861668093a3","Cerberus, Hellhound Trifecta","冥界の三魔犬 ケルベロス","2040305000",3,5,,FALSE,FALSE,100,110,705,,,110,705,,,FALSE,FALSE,FALSE,,
"2cff1ceb-5126-47b0-831f-2511e9ee5439","Shizuka, Gian, and Suneo","しずか&ジャイアン&スネ夫","2040407000",3,6,,TRUE,FALSE,150,90,570,690,,240,1500,1815,,FALSE,FALSE,FALSE,,
"2dc0621a-0495-4bb2-9add-3dc7a1ba28b0","Lich","リッチ","2040012000",3,5,,TRUE,FALSE,150,111,700,850,,111,700,850,,FALSE,FALSE,FALSE,,
"2e0cb0aa-0523-4638-85e7-a6c32c5d4c21","Knight of Knights","俊秀の義剣士","2040252000",3,1,,FALSE,FALSE,100,90,570,,,90,570,,,FALSE,FALSE,FALSE,,
"300a999c-11fb-4251-95f7-b3cd989bd7ae","Cait Sith","ケット・シー","2040025000",3,6,,FALSE,FALSE,100,128,768,,,128,768,,,FALSE,FALSE,FALSE,,
"3235b44c-2941-40f4-a856-b191f7d0a742","Manawydan","マナウィダン","2040015000",3,3,,FALSE,FALSE,100,95,580,,,95,580,,,FALSE,FALSE,FALSE,,
"323dbfc4-1e9c-416f-a933-e82fe2eb87ec","Corow","コロゥ","2040044000",3,6,,TRUE,FALSE,150,92,560,650,,92,560,650,,FALSE,FALSE,FALSE,,
"33e7f27e-749e-45c7-aab6-b84729980d0b","Twin Elements","フラム＝グラス","2040063000",3,2,,TRUE,FALSE,150,120,728,880,,120,728,880,,FALSE,FALSE,FALSE,,
"3496a5c3-e336-4c2f-89ed-62266c7cdc22","Hekatonkheir","ヘカトンケイル","2040030000",3,6,,FALSE,FALSE,100,93,570,,,93,570,,,FALSE,FALSE,FALSE,,
"36afe92b-bead-4ce0-b408-f261329d1c77","Albacore","アルバコア","2040024000",3,5,,FALSE,FALSE,100,91,557,,,91,557,,,FALSE,FALSE,FALSE,,
"36b76574-4fdd-4bf7-a3fb-a2e6db19cc91","Rose Queen","ローズクイーン","2040105000",3,1,,TRUE,FALSE,150,140,780,940,,140,780,940,,FALSE,FALSE,FALSE,,
"36e613e5-e9b8-4a67-9760-da3577976979","Magus, Triad of Wisdom","三知一鎧の賢者 マギ","2040310000",3,6,,FALSE,FALSE,100,121,723,,,121,723,,,FALSE,FALSE,FALSE,,
"37d08f1a-3002-47eb-a285-6fd277d8383c","Brunnhilde","ブリュンヒルデ","2040038000",3,5,,FALSE,FALSE,100,77,500,,,77,500,,,FALSE,FALSE,FALSE,,
"3d1456ee-0cf8-4939-b18d-968b9bb6cdf6","Oceanus","オケアノス","2040033000",3,3,,TRUE,FALSE,150,130,800,970,,130,800,970,,FALSE,FALSE,FALSE,,
"3d1493a7-ac66-4fac-82da-3679c9a8ebf0","Demonbream","魔鯛","2040326000",3,1,,TRUE,FALSE,150,114,679,820,,114,679,820,,FALSE,FALSE,FALSE,,
"40321ebe-6744-45fd-a139-3f561c5c3b1e","Sky Carriage SS Pew Pew","スカイキャリッジ☆ミ号","2040343000",3,2,,FALSE,FALSE,100,90,572,,,90,572,,,FALSE,FALSE,FALSE,,
"41c188ce-51b8-423c-9962-dffaa8766340","Urkin","ンニ","2040224000",3,2,,FALSE,FALSE,100,95,580,,,95,580,,,FALSE,FALSE,FALSE,,
"47f7ef82-c89c-4fca-a16b-be10afbf8b77","Sagittarius","サジタリウス","2040031000",3,1,,TRUE,FALSE,150,100,600,700,,100,600,700,,FALSE,FALSE,FALSE,,
"490fd4f7-673a-4089-842d-e6ad5b47a2f8","Red Hare","セキトバ","2040361000",3,2,,FALSE,FALSE,100,134,812,,,134,812,,,TRUE,FALSE,FALSE,,
"49713df9-6c57-4644-922e-9217616ad8d6","Robomi Rocket","ロボミ発進指令","2040081000",3,6,,FALSE,FALSE,100,100,634,,,100,634,,,FALSE,FALSE,FALSE,,
"49bd4739-486a-4eca-990d-88431279ac3a","Qilin","黒麒麟","2040158000",3,5,,FALSE,FALSE,100,107,649,,,107,649,,,FALSE,FALSE,FALSE,,
"4a95af46-1459-42b2-ab45-cd46c25dbaaa","Sylph, Flutterspirit of Purity","白純の霊蝶 シルフ","2040304000",3,2,,FALSE,FALSE,100,100,720,,,100,720,,,FALSE,FALSE,FALSE,,
"4ae7acd1-7b22-4d65-8e4c-09a840163177","Anat","アナト","2040006000",3,1,,FALSE,FALSE,100,132,784,,,132,784,,,FALSE,FALSE,FALSE,,
"4b76b10a-8646-4f58-b84c-bd35f079e512","Proto-Joya","プロトジョヤ","2040348000",3,1,,FALSE,FALSE,100,92,575,,,92,575,,,FALSE,FALSE,FALSE,,
"4ba222d4-b7e9-4b32-b5ee-178256574d23","Gearcycle","ケッタギア","2040295000",3,1,,FALSE,FALSE,100,69,460,,,69,460,,,FALSE,FALSE,FALSE,,
"4d0dfd74-354e-4b95-92c8-d176749dbd56","Princess Long Ji","竜吉公主","2040340000",3,3,,TRUE,FALSE,150,138,816,990,,138,816,990,,TRUE,FALSE,FALSE,,
"508d86ae-c0c2-4a86-9d09-38d56e5302eb","Lumiel Gourmet","リュミエールグルメ","2040214000",3,1,,FALSE,FALSE,100,92,577,,,92,577,,,FALSE,FALSE,FALSE,,
"559af882-4262-4afb-9c1e-a0f367a347e7","Krelkulkil","カラクラキル","2040301000",3,5,,FALSE,FALSE,100,84,556,,,84,556,,,FALSE,FALSE,FALSE,,
"56c3884f-1b7d-4084-8760-8677eb41b84a","Joya","ジョヤ","2040115000",3,1,,FALSE,FALSE,100,92,575,,,92,575,,,FALSE,FALSE,FALSE,,
"56caeea0-8e9f-4c95-897d-70c5dddbbaee","Cat Parade","ビッグマーチ・オブ・ネコ","2040312000",3,4,,FALSE,FALSE,100,90,552,,,90,552,,,FALSE,FALSE,FALSE,,
"5c209c25-8962-451b-b62b-0a0e8ab39920","Rose Queen (Summer)","ローズクイーン (水着)","2040336000",3,1,,TRUE,FALSE,150,135,840,1020,,135,840,1020,,FALSE,FALSE,FALSE,,
"5cbf0114-42cd-4783-a6ca-5608b862ecb9","Surtr","スルト","2040338000",3,2,,TRUE,FALSE,150,130,800,970,,130,800,970,,TRUE,FALSE,FALSE,,
"5d8282ac-4009-41f4-9e57-e9f33ee70893","Cerberus","ケルベロス","2040032000",3,5,,TRUE,FALSE,150,80,516,600,,80,516,600,,FALSE,FALSE,FALSE,,
"5db5de41-bba0-42cf-a4b8-5d7532523461","Mammon","マモーナス","2040067000",3,1,,FALSE,FALSE,100,86,540,,,86,540,,,FALSE,FALSE,FALSE,,
"5f253a36-713f-47b5-9dc3-e76f9b56c6bf","God Albacore","ゴッド・アルバコア","2040334000",3,3,,FALSE,FALSE,100,91,600,,,91,600,,,FALSE,FALSE,FALSE,,
"5f63a126-65e4-4683-aca6-011e325a586e","Treant","トレント","2040172000",3,1,,FALSE,FALSE,100,96,605,,,96,605,,,FALSE,FALSE,FALSE,,
"5fc88f21-b0e7-4304-9cee-0fd2f4328959","Pierre","ピエール","2040096000",3,6,,FALSE,FALSE,100,92,575,,,92,575,,,FALSE,FALSE,FALSE,,
"62309994-bc07-4c84-a222-75e51196e77b","Zhuque","朱雀","2040376000",3,2,,TRUE,FALSE,150,103,646,918,,103,646,918,,FALSE,FALSE,FALSE,,
"6245e037-b1fe-459f-8124-f36fec6fd227","Gorilla","ゴリラ","2040285000",3,4,,TRUE,FALSE,150,100,650,790,,100,650,790,,FALSE,FALSE,FALSE,,
"62c339ec-eab0-4a72-a71e-8e20c6663ed6","Setekh","セト","2040177000",3,1,,TRUE,FALSE,150,119,717,860,,119,717,860,,FALSE,FALSE,FALSE,,
"632be77d-84e5-4cb2-9462-8bd3d27ee1a5","Audumbla","アウズンブラ","2040045000",3,3,,FALSE,FALSE,100,120,662,,,120,662,,,FALSE,FALSE,FALSE,,
"63714c3d-9c8b-40ee-b54e-7e55510d15f5","Vohu Manah","ウォフマナフ","2040014000",3,4,,TRUE,FALSE,150,94,579,680,,94,579,680,,FALSE,FALSE,FALSE,,
"65a18997-8813-4b76-9507-04592c3e39de","Bellringer Angel","ベルエンジェル","2040192000",3,6,,FALSE,FALSE,100,91,575,,,91,575,,,FALSE,FALSE,FALSE,,
"671907a9-8fbe-45ed-aea1-4426b932946c","Typhon","テュポーン","2040180000",3,5,,TRUE,FALSE,150,120,735,890,,120,735,890,,FALSE,FALSE,FALSE,,
"68abbdee-99e1-43a2-a7d2-f20bc518f3c0","Golden Piña","ゴールデンぴにゃこら太","2040364000",3,6,,TRUE,FALSE,150,102,606,730,,102,606,730,,TRUE,FALSE,FALSE,,
"69f4732b-afc8-4129-b99a-7e33bdf85787","Freyr (Yukata)","フレイ (浴衣)","2040374000",3,4,,TRUE,FALSE,150,137,815,980,,137,815,980,,FALSE,FALSE,FALSE,,
"6a6535a1-e210-4efb-a1bc-c88aaf15c3d3","Satan","サタン","2040001000",3,5,,FALSE,FALSE,100,115,710,,,115,710,,,FALSE,FALSE,FALSE,,
"6d806caf-667c-43a6-8282-42a645dd1f92","Team Chickadee","眠れる竜と獅子","2040339000",3,1,,FALSE,FALSE,100,99,583,,,99,583,,,FALSE,FALSE,FALSE,,
"6ece69cc-31cc-4ef6-b4ef-6bd0feeff1a7","Branwen","ブランウェン","2040060000",3,3,,FALSE,FALSE,100,105,200,,,105,200,,,FALSE,FALSE,FALSE,,
"6f29e925-9b8b-4144-83b7-cc8355ba98ea","Avaritia","アワリティア","2040072000",3,4,,FALSE,FALSE,100,97,610,,,97,610,,,FALSE,FALSE,FALSE,,
"6fec122b-3eb1-4b52-9890-05d24052e3f3","Kaguya (Summer)","カグヤ (水着)","2040375000",3,6,,TRUE,FALSE,150,147,880,1060,,147,880,1060,,FALSE,FALSE,FALSE,,
"7042625b-fcd9-4121-a457-9743cbe66c69","Onyx Carbuncle","カーバンクル・オニキス","2030039000",2,5,,FALSE,FALSE,75,82,512,,,82,512,,,FALSE,FALSE,FALSE,,
"708c1663-aa61-4620-b0b1-220c6702d348","Milia","ミリア","2040170000",3,5,,FALSE,FALSE,100,79,525,,,79,525,,,FALSE,FALSE,FALSE,,
"70da6d95-71a1-47ea-a461-08af122c666d","Zircon Carbuncle","カーバンクル・ジルコン","2030024000",2,4,,FALSE,FALSE,75,87,517,,,87,517,,,FALSE,FALSE,FALSE,,
"73360330-daec-4cc7-9e34-bd812a1b2ed6","Dark Flame Scion","闇の炎の子","2040198000",3,5,,FALSE,FALSE,100,86,556,,,86,556,,,FALSE,FALSE,FALSE,,
"748b4420-b30b-4ce1-9999-f46445a21ddc","Sharom","シャローム","2040232000",3,5,,FALSE,FALSE,100,95,600,,,95,600,,,FALSE,FALSE,FALSE,,
"74ca0166-16a0-421e-a98e-041698440472","H.D. Mining Excavator","坑道用大型掘削機","2040298000",3,4,,FALSE,FALSE,100,90,600,,,90,600,,,FALSE,FALSE,FALSE,,
"788cdc08-9749-4353-bddb-6d53a2053555","Ankusha","アンクシャ","2040233000",3,4,,FALSE,FALSE,100,129,796,,,129,796,,,FALSE,FALSE,FALSE,,
"78bc0317-66ea-4ad9-a7c7-55d0b6d3de32","Tsukuyomi","ツクヨミ","2040263000",3,5,,FALSE,FALSE,100,116,711,,,116,711,,,FALSE,FALSE,FALSE,,
"7c53de85-63ca-41eb-853a-0589d7c1f89f","Gugalanna","グガランナ","2040026000",3,1,,FALSE,FALSE,100,113,659,,,113,659,,,FALSE,FALSE,FALSE,,
"7d845c1a-f453-4253-9efe-2c2266b51189","Unrivaled Fighter","古今独歩の大拳豪","2040282000",3,2,,FALSE,FALSE,100,87,551,,,87,551,,,FALSE,FALSE,FALSE,,
"8014ef67-0666-4682-85bd-733fc2914745","Zaoshen","ザオシェン","2040229000",3,2,,TRUE,FALSE,150,122,756,920,,122,756,920,,FALSE,FALSE,FALSE,,
"809514ce-24bf-4fe1-874d-fa91a23bcb70","Poseidon","ポセイドン","2040037000",3,3,,TRUE,FALSE,150,95,565,660,,95,565,660,,FALSE,FALSE,FALSE,,
"8335c845-cedf-4e6e-84da-67a0f6ad144c","Allosaurus","アロザロウス","2040035000",3,4,,FALSE,FALSE,100,115,661,,,115,661,,,FALSE,FALSE,FALSE,,
"836556eb-c149-4555-b91a-8b0876d88874","Mahisha","マヒシャ","2040050000",3,6,,FALSE,FALSE,100,114,660,,,114,660,,,FALSE,FALSE,FALSE,,
"836f4e99-4ad2-42f2-9991-60f52b454fa4","Bonito","カツウォヌス","2040167000",3,3,,TRUE,FALSE,150,120,716,860,,120,716,860,,FALSE,FALSE,FALSE,,
"88919d6e-44ed-47b5-b43e-09c5a9fecd53","Tezcatlipoca","テスカトリポカ","2040173000",3,4,,TRUE,FALSE,150,119,716,860,,119,716,860,,FALSE,FALSE,FALSE,,
"89969db1-a224-4353-804f-321bce9b3477","Ignis Dragon","イグニスドラゴン","2040383000",3,2,,TRUE,FALSE,150,91,574,695,,252,1524,1842,,FALSE,FALSE,FALSE,,
"8c94f1e0-821a-45b3-901b-9b7cd3525568","Shantotto II","シャントットII","2040410000",3,5,,TRUE,FALSE,150,88,556,673,,255,1562,1889,,FALSE,FALSE,FALSE,,
"8f519510-01a9-4654-a7b9-649e81d7557d","Adramelech","アドラメレク","2040253000",3,6,,FALSE,FALSE,100,106,715,,,106,715,,,FALSE,FALSE,FALSE,,
"8f9e4bed-9b3b-4f03-899f-b6c8fed78d47","Uta","ウタ","2040415000",3,6,,TRUE,FALSE,150,93,576,697,,230,1442,1745,,FALSE,FALSE,FALSE,,
"8fa1c5f1-46d7-45fb-a27f-0f67de5035c0","Deepflight Oyster","カキフライ","2040371000",3,3,,FALSE,FALSE,100,91,555,,,91,555,,,FALSE,FALSE,FALSE,,
"9016540f-a0eb-484e-bf3a-53cb4b0e2310","Hamsa","ハンサ","2040296000",3,1,,TRUE,FALSE,150,120,720,870,,120,720,870,,FALSE,FALSE,FALSE,,
"9027167f-61ce-4d1d-926a-1467472be88c","Neptune","ネプチューン","2040069000",3,3,,FALSE,FALSE,100,125,740,,,125,740,,,FALSE,FALSE,FALSE,,
"96f57b38-39ce-4adc-a1dc-1d6573a662b7","Inchoate World","胎動する世界","2040086000",3,5,,FALSE,FALSE,100,85,555,,,85,555,,,FALSE,FALSE,FALSE,,
"97314019-214d-4638-9f86-efd21f5e8ba0","Sapphire Dance: Habotan","蒼紅之舞・竜胆","2040341000",3,6,,FALSE,FALSE,100,91,580,,,91,580,,,FALSE,FALSE,FALSE,,
"997917ee-1231-4293-8532-b6facdcb1ef6","Snow White","スノウホワイト","2040249000",3,3,,FALSE,FALSE,100,124,722,,,124,722,,,FALSE,FALSE,FALSE,,
"9a53575d-589a-4a3a-9e60-f8166abfed8e","Kirari Moroboshi","諸星きらり","2040058000",3,4,,FALSE,FALSE,100,91,615,,,91,615,,,FALSE,FALSE,FALSE,,
"9ccca32d-55d8-41f2-a385-ba44b8be2a7c","Mepple and Mipple","メップル＆ミップル","2040299000",3,6,,TRUE,FALSE,150,90,570,690,,90,570,690,,FALSE,FALSE,FALSE,,
"9df7983d-1847-4eff-8662-1e03a2f49fe6","Magus","マギ","2040064000",3,6,,FALSE,FALSE,100,94,580,,,94,580,,,FALSE,FALSE,FALSE,,
"a1e319bc-a3a8-4f5a-8d22-be702106d958","Phoenix","フェニックス","2040008000",3,2,,FALSE,FALSE,100,91,576,,,91,576,,,FALSE,FALSE,FALSE,,
"a30189a9-d621-424b-b8dc-2ec206d440c2","Athena","アテナ","2040021000",3,2,,TRUE,FALSE,150,125,770,930,,125,770,930,,FALSE,FALSE,FALSE,,
"a453137a-d865-4e07-b2b7-96e4faa766a2","Cocytus","コキュートス","2040010000",3,3,,TRUE,FALSE,150,100,606,710,,100,606,710,,FALSE,FALSE,FALSE,,
"a60b07a3-7e0e-49aa-9b53-ba0ceee14395","Custos Citrullus","守畏禍","2040168000",3,4,,FALSE,FALSE,100,90,570,,,90,570,,,FALSE,FALSE,FALSE,,
"a6e0af8b-b082-43d5-bd10-6efc19dab65c","Swinger of the Ebony Scythe","大鎌を操りし漆黒","2040349000",3,5,,FALSE,FALSE,100,71,490,,,71,490,,,FALSE,FALSE,FALSE,,
"a702b4b7-c0f0-4f5a-81df-bd54d6a0df0b","Deirdre","ディアドラ","2040095000",3,1,,FALSE,FALSE,100,92,572,,,92,572,,,FALSE,FALSE,FALSE,,
"a859dd46-a082-445a-9588-b769bee43fa2","Peridot Carbuncle","カーバンクル・ペリドット","2030016000",2,1,,FALSE,FALSE,75,60,380,,,60,380,,,FALSE,FALSE,FALSE,,
"a9168438-6d7e-4f7d-944e-351476e41a0a","Wind God and Thunder God","風神・雷神","2040055000",3,1,,FALSE,FALSE,100,87,550,,,87,550,,,FALSE,FALSE,FALSE,,
"aac5b0ec-c052-4933-9115-7db0e5679794","Garula, Shining Hawk","シャインホーク・ガルラ","2040221000",3,1,,FALSE,FALSE,100,107,693,,,107,693,,,FALSE,FALSE,FALSE,,
"ab05e458-f61c-4284-9ccc-efd226ebe6a4","Mammoth","マンモス","2040368000",3,4,,FALSE,FALSE,100,140,818,,,140,818,,,TRUE,FALSE,FALSE,,
"ab12f0b0-452a-4ddc-afb2-450f72c4c648","Bahamut Unchained","拘束破りし黒銀の翼","2040131000",3,5,,FALSE,FALSE,100,101,644,,,101,644,,,FALSE,FALSE,FALSE,,
"ab6f99a6-7490-495e-8e7d-5faba960ee71","Belial (Summer)","ベリアル(水着バージョン)","2040411000",3,2,,TRUE,FALSE,150,121,732,1038,,412,2442,3457,,TRUE,FALSE,FALSE,,
"abc6f80f-c186-4a49-b9ab-77aecdbdee74","Delinquent Spirit","ツッパリ魂","2040325000",3,1,,FALSE,FALSE,100,92,580,,,92,580,,,FALSE,FALSE,FALSE,,
"ac82e88d-37c7-4d9b-86ef-8d679392ed58","Dark Angel Olivia","Dエンジェル・オリヴィエ","2040005000",3,5,,TRUE,FALSE,150,128,770,930,,128,770,930,,FALSE,FALSE,FALSE,,
"acd38380-ed3a-4258-aec5-325db3af4d67","Sapphire Dance: Gentiana","蒼紅之舞・竜胆","2040248000",3,3,,FALSE,FALSE,100,95,580,,,95,580,,,FALSE,FALSE,FALSE,,
"ade2c352-d1b2-44a9-8c99-efdf6f416599","H.P.A.","K・B・S・N","2040207000",3,5,,FALSE,FALSE,100,83,574,,,83,574,,,FALSE,FALSE,FALSE,,
"aeef129a-8cc4-4848-aa44-daf5ae53969a","The Eternal Defenders","空の安寧を守りし十天衆","2040351000",3,1,,FALSE,FALSE,100,87,610,,,87,610,,,FALSE,FALSE,FALSE,,
"af3aadda-76ca-4391-8915-5fa14762a6ca","Silver Salvation","一臂の力を揮う銀の軍師","2040362000",3,3,,FALSE,FALSE,100,109,660,,,109,660,,,FALSE,FALSE,FALSE,,
"af3b5f7e-da65-45ed-b5bb-784ac5455f96","Xeno Sagittarius","ゼノ・サジタリウス","2040382000",3,1,,TRUE,FALSE,150,104,647,919,,265,1627,2308,,FALSE,FALSE,FALSE,,
"af9ca563-2260-4555-9ea9-793e186bbade","Vane's Cooking","クッキング・ヴェイン","2040300000",3,2,,FALSE,FALSE,100,90,557,,,90,557,,,FALSE,FALSE,FALSE,,
"b1304a5b-dbff-40eb-bdb2-3cf5820811da","Arbiter of Lies","偽りを裁く雷光","2040397000",3,6,,FALSE,FALSE,100,95,607,,,220,1287,,,FALSE,FALSE,FALSE,,
"b203a9bc-9453-4090-91cc-84532b709d58","Zirnitra","ジルニトラ","2040385000",3,5,,FALSE,FALSE,100,128,806,,,128,806,,,TRUE,FALSE,FALSE,,
"b391153c-7aed-4dcb-ae2c-07e87a4dc85c","Midgardsormr","ミドガルズオルム","2040018000",3,4,,FALSE,FALSE,100,94,577,,,94,577,,,FALSE,FALSE,FALSE,,
"b5b6c420-f4cf-4e5e-a166-333b7e0edcd6","Gigante Blazer","兄弟砲ギガントブレイザー","2040279000",3,6,,FALSE,FALSE,100,100,580,,,100,580,,,FALSE,FALSE,FALSE,,
"b69be8b4-c0ec-47c5-9515-35f8484ba601","Xeno Diablo","ゼノ・ディアボロス","2040399000",3,5,,TRUE,FALSE,150,101,644,916,,280,1642,2323,,FALSE,FALSE,FALSE,,
"b7b799dd-60aa-4cbd-9c22-4249aa9ca2e4","Lonesome Dragoness","孤独の竜姫","2040228000",3,2,,FALSE,FALSE,100,94,578,,,94,578,,,FALSE,FALSE,FALSE,,
"b8384712-e910-4682-af35-ae0b34a7351b","Diablo","ディアボロス","2040062000",3,5,,TRUE,FALSE,150,80,516,600,,80,516,600,,FALSE,FALSE,FALSE,,
"b8a94dc2-c17f-4bdd-a00e-f1771a3ea5af","Dogu","ドグー","2040342000",3,4,,TRUE,FALSE,150,137,815,980,,137,815,980,,TRUE,FALSE,FALSE,,
"b9dd714a-6976-4a55-99fd-2e82f88320c1","Charybdis","カリュブディス","2040363000",3,3,,FALSE,FALSE,100,160,900,,,160,900,,,TRUE,FALSE,FALSE,,
"ba6f883e-a96c-4600-94d2-60fde41df6de","Super Cute Genius Alchemist","美少女錬金術師","2040211000",3,5,,FALSE,FALSE,100,91,578,,,91,578,,,FALSE,FALSE,FALSE,,
"babf0011-097c-4174-a06f-204246f4bbc6","Marduk, Battlefield Reaper","破格の戦鬼 マルドゥーク","2040323000",3,4,,FALSE,FALSE,100,125,723,,,125,723,,,FALSE,FALSE,FALSE,,
"bb536a73-a091-4182-a5b5-d1fa490a8068","Satyr (Summer)","サテュロス (水着)","2040335000",3,2,,TRUE,FALSE,150,134,810,979,,134,810,979,,FALSE,FALSE,FALSE,,
"bbc3111a-1ab5-45d5-aef7-0305a284eefa","Verona Heart","ヴェローナ・ハート","2040175000",3,3,,FALSE,FALSE,100,95,580,,,95,580,,,FALSE,FALSE,FALSE,,
"bc9b55af-3ed5-4408-a7fb-41d397c61179","Xeno Corow","ゼノ・コロゥ","2040390000",3,6,,TRUE,FALSE,150,105,648,920,,260,1622,2303,,FALSE,FALSE,FALSE,,
"be8418e2-2955-4e5d-a57f-01b9933da2fd","Sylph","シルフ","2040048000",3,2,,FALSE,FALSE,100,96,605,,,96,605,,,FALSE,FALSE,FALSE,,
"bf0e493f-f292-4e7a-bd55-87008b51d5fb","Gorgon Sisters","ゴルゴーン三姉妹","2040328000",3,4,,FALSE,FALSE,100,95,560,,,95,560,,,FALSE,FALSE,FALSE,,
"c33f1ba3-dd22-4b09-903c-4ba7355d9271","Lunalu","ルナール","2040286000",3,5,,FALSE,FALSE,100,91,578,,,91,578,,,FALSE,FALSE,FALSE,,
"c520114e-2cd4-4e50-b099-0bb85273c8df","Odajumoki Gang","オダヅモッキー・ギャングスタ","2040113000",3,3,,FALSE,FALSE,100,90,551,,,90,551,,,FALSE,FALSE,FALSE,,
"c540be47-cc18-4b14-978f-2dbb1146dc51","[Skybound] Kirari","[ラブリーナイト]きらり","2040073000",3,4,,FALSE,FALSE,100,110,700,,,110,700,,,FALSE,FALSE,FALSE,,
"c6946cd3-d2c5-4f5d-a6b6-e4f4457dfe3e","Macula Marius","マキュラ・マリウス","2040002000",3,3,,TRUE,FALSE,150,135,796,960,,135,796,960,,FALSE,FALSE,FALSE,,
"c7224626-7f25-4411-af10-5d7d22642cfd","Narita","ナリタ","2040291000",3,5,,TRUE,FALSE,150,79,512,591,,79,512,591,,FALSE,FALSE,FALSE,,
"c8d48e38-7140-44cd-aeff-2cf10f0973ed","Blue Orbit","ブルーオービット","2040184000",3,1,,FALSE,FALSE,100,93,573,,,93,573,,,FALSE,FALSE,FALSE,,
"ca6531f3-a174-4fd5-ac85-085ddfe45101","Forest Ranger","フォレストレンジャー","2040219000",3,4,,FALSE,FALSE,100,93,575,,,93,575,,,FALSE,FALSE,FALSE,,
"cb85c273-7adb-4319-9df9-ab0cb45ed126","Queen Bee","クイーンビー","2040141000",3,1,,FALSE,FALSE,100,109,680,,,109,680,,,FALSE,FALSE,FALSE,,
"cf424633-4e6c-4fa4-b216-05a1406135ea","Garnet Carbuncle","カーバンクル・ガーネット","2030031000",2,2,,FALSE,FALSE,75,84,514,,,84,514,,,FALSE,FALSE,FALSE,,
"cfd8759e-85c2-4bc8-bb28-3f2095771e4b","Illuyanka","イルルヤンカシュ","2040109000",3,3,,FALSE,FALSE,100,107,650,,,107,650,,,FALSE,FALSE,FALSE,,
"cfe221f6-f1a4-44f0-b2cf-72ed374593ea","Harvest Myconid","オータム・マイコニド","2040097000",3,4,,FALSE,FALSE,100,99,608,,,99,608,,,FALSE,FALSE,FALSE,,
"d11a4ea2-d4f8-44f7-a8df-5a9b0df16d04","Mukku","ムック","2040345000",3,2,,TRUE,FALSE,150,91,570,690,,91,570,690,,TRUE,FALSE,FALSE,,
"d132e526-ab09-4f47-a1f2-c3e89c6617f4","Xeno Cocytus","ゼノ・コキュートス","2040395000",3,3,,TRUE,FALSE,150,107,650,922,,250,1612,2293,,FALSE,FALSE,FALSE,,
"d327b304-52c0-49a3-ae10-99b810fbf71c","Veselago","ヴェセラゴ","2040091000",3,6,,FALSE,FALSE,100,94,610,,,94,610,,,FALSE,FALSE,FALSE,,
"d3f1ec3f-5bfa-4212-92d8-ba432cf772f1","Huanglong","黄龍","2040157000",3,6,,FALSE,FALSE,100,105,645,,,105,645,,,FALSE,FALSE,FALSE,,
"d4127479-da8e-4186-ae74-1c70b23ec3b7","Dancing Man","ダンシング・マン","2040337000",3,2,,FALSE,FALSE,100,92,625,,,92,625,,,FALSE,FALSE,FALSE,,
"d7425942-7a24-4ef5-9e71-85f4d88ad631","Heimdallr","ヘイムダル","2040350000",3,6,,TRUE,FALSE,150,123,767,930,,123,767,930,,TRUE,FALSE,FALSE,,
"d8f92af9-1932-4701-ba62-62219216d4c9","Lady Katapillar","キャタピラさん","2040129000",3,2,,FALSE,FALSE,100,95,600,,,95,600,,,FALSE,FALSE,FALSE,,
"db571fa2-5538-48d8-889f-e72415632845","Nacht","ナハト","2040212000",3,5,,TRUE,FALSE,150,128,731,880,,128,731,880,,FALSE,FALSE,FALSE,,
"db7a9d98-76a6-4195-b112-c74af207abc6","Crimson Spear, Ebony Scythe","紅き穿光と黒き大鎌","2040259000",3,2,,FALSE,FALSE,100,91,574,,,91,574,,,FALSE,FALSE,FALSE,,
"dc6b5aaa-76ba-4dfa-afe6-d839fd5bfeef","JEHUTY","ジェフティ","2040294000",3,6,,FALSE,FALSE,100,93,570,,,93,570,,,FALSE,FALSE,FALSE,,
"dd1c322e-fba1-4e5d-9632-53e60f77645b","Thor","トール","2040188000",3,6,,TRUE,FALSE,150,117,710,860,,117,710,860,,FALSE,FALSE,FALSE,,
"dd3dbe07-902c-418f-8d96-0e9d7d3ed1ae","Colossal Hermit","灼弩火罹","2040373000",3,6,,FALSE,FALSE,100,90,555,,,90,555,,,FALSE,FALSE,FALSE,,
"e1f500d6-5f09-4d69-b4cd-9b463f8019e9","Quetzalcoatl","ケツァルカトル","2040009000",3,1,,FALSE,FALSE,100,125,755,,,125,755,,,FALSE,FALSE,FALSE,,
"e290cd49-5263-4e81-a667-f0ff01d8f561","Apollo","アポロン","2040023000",3,6,,TRUE,FALSE,150,130,780,940,,130,780,940,,FALSE,FALSE,FALSE,,
"e46f16b7-6f3e-48e2-b6c3-153b05e82743","Aphrodite","アフロディーテ","2040216000",3,6,,TRUE,FALSE,150,124,724,870,,124,724,870,,FALSE,FALSE,FALSE,,
"e5257f85-dfba-469a-ac5a-72155e4232a5","Fenrir","フェンリル","2040049000",3,3,,TRUE,FALSE,150,95,560,650,,95,560,650,,FALSE,FALSE,FALSE,,
"e5f2686e-919e-48fb-8ef3-235a62146209","Eren","エレン","2040255000",3,2,,FALSE,FALSE,100,88,559,,,88,559,,,FALSE,FALSE,FALSE,,
"e71807ad-5e3a-43c0-8a59-e2866a6c28d2","Ikelos","イケロス","2040142000",3,3,,FALSE,FALSE,100,102,620,,,102,620,,,FALSE,FALSE,FALSE,,
"e7a86190-3dbe-4975-a684-e6735039346c","Sandalphon","サンダルフォン","2040195000",3,6,,FALSE,FALSE,100,90,580,,,90,580,,,TRUE,FALSE,FALSE,,
"e816afe4-9e90-44a0-949e-bb72c3d9f0b4","Jack-o'-Lantern","ジャック・オー・ランタン","2040041000",3,5,,FALSE,FALSE,100,99,550,,,99,550,,,FALSE,FALSE,FALSE,,
"e852dbee-d7d0-49e8-a8f7-0336e6ac8644","Vortex Dragon","雷霆公","2040004000",3,6,,TRUE,FALSE,150,126,756,910,,126,756,910,,FALSE,FALSE,FALSE,,
"e921b6fb-0d04-47c1-b8d5-963cea459b66","Satyr","サテュロス","2040053000",3,2,,TRUE,FALSE,150,127,785,950,,127,785,950,,FALSE,FALSE,FALSE,,
"ea1fb0fe-a48a-4129-8d23-a83905d5211d","Owlcat","オウルキャット","2040366000",3,1,,FALSE,FALSE,100,131,809,,,131,809,,,TRUE,FALSE,FALSE,,
"eb52b0ed-7ab0-436b-8598-2bef149214a4","Idle Sparkle","ぼんやりピカピカの魔法","2040393000",3,4,,FALSE,FALSE,100,96,583,,,215,1407,,,FALSE,FALSE,FALSE,,
"ecf4f1a4-6170-4237-8c0f-f9cd5a98057c","Automagod Triumvirate","月に降り立ちし三機神","2040394000",3,5,,FALSE,FALSE,100,88,613,,,255,1255,,,FALSE,FALSE,FALSE,,
"ed6b1cb5-ac92-4138-ae64-5d63adde01e4","Anat, for Love and War","愛と戦いの神 アナト","2040297000",3,1,,FALSE,FALSE,100,120,725,,,120,725,,,FALSE,FALSE,FALSE,,
"ee372f76-44d7-47c2-990a-8f033c314ef8","Baal","バアル","2040013000",3,4,,TRUE,FALSE,150,127,755,910,,127,755,910,,FALSE,FALSE,FALSE,,
"ee5d8dbc-98cc-4b13-b023-87a91ea4791b","Garuda","ガルーダ","2040071000",3,1,,TRUE,FALSE,150,131,775,940,,131,775,940,,FALSE,FALSE,FALSE,,
"ef8cf511-a5d1-4f35-a8a8-f0f2a7c98ac8","Hekate","ヘカテー","2040416000",3,2,,TRUE,FALSE,150,134,812,982,,347,2042,2466,,TRUE,FALSE,FALSE,,
"efd66483-5dc3-42d6-842d-2a9d81dbc03b","Ranko Kanzaki","神崎蘭子","2040057000",3,5,,TRUE,FALSE,150,100,666,740,,100,666,740,,FALSE,FALSE,FALSE,,
"f30cabfc-41be-4c5a-9062-07a82c49ea98","Siren","セイレーン","2040017000",3,1,,FALSE,FALSE,100,127,767,,,127,767,,,FALSE,FALSE,FALSE,,
"f4eafdc0-9d19-41c1-9408-f116a84e14de","Flamek Pact","フラメクの契約者","2040309000",3,5,,FALSE,FALSE,100,85,570,,,85,570,,,FALSE,FALSE,FALSE,,
"f505ddee-ef4a-44ef-9cfc-134fb04430d7","Grendel","ベオウルフ","2040022000",3,2,,FALSE,FALSE,100,112,658,,,112,658,,,FALSE,FALSE,FALSE,,
"f5e584b9-103e-422e-a310-ad6ced1b1b40","Medusa","メドゥーサ","2040059000",3,4,,TRUE,FALSE,150,128,780,940,,128,780,940,,FALSE,FALSE,FALSE,,
"f607c22e-382a-4662-88a4-36f95a1c5189","Nobiyo","ノビヨ","2040290000",3,6,,TRUE,FALSE,150,98,622,720,,98,622,720,,FALSE,FALSE,FALSE,,
"fb9d60be-b46e-4286-a8b0-a8ab89320eea","Marduk","マルドゥーク","2040043000",3,4,,TRUE,FALSE,150,93,548,660,,93,548,660,,FALSE,FALSE,FALSE,,
"fc934c58-c949-4844-859b-70069306ed4c","Electric Eal","デンキンナギ","2040292000",3,6,,FALSE,FALSE,100,90,550,,,90,550,,,FALSE,FALSE,FALSE,,
"fcd0602c-1c1d-492e-b7ea-057763a0fa73","Poseidon, the Tide Father","気高き水神 ポセイドン","2040302000",3,3,,FALSE,FALSE,100,123,726,,,123,726,,,FALSE,FALSE,FALSE,,
"feab11a3-0947-4427-adfc-0961285ee70d","Kotaro Katsura and Elizabeth","桂小太郎&エリザベス","2040405000",3,1,,TRUE,FALSE,150,95,600,726,,200,1374,1668,,TRUE,FALSE,FALSE,,
"fef1c519-2e6e-4794-a18e-b28345782f1d","Fafnir","ファフニール","2040099000",3,2,,FALSE,FALSE,100,91,575,,,91,575,,,FALSE,FALSE,FALSE,,
"ad9abfc0-d919-4f75-aa15-0993d20d85ba","Beelzebub","ベルゼバブ","2040408000",3,5,"0",TRUE,FALSE,150,122,761,1081,,407,2317,3272,,TRUE,FALSE,FALSE,,
"9df792cd-7644-4d13-8509-ce34941564be","Kero-chan","ケロちゃん","2040234000",3,6,,TRUE,TRUE,200,90,575,696,757,245,1450,1751,1902,FALSE,FALSE,FALSE,,
"2da824f3-2315-4a0f-9035-e5bd31bcb851","C.C.","C.C.","2040331000",3,5,,TRUE,TRUE,200,100,650,790,860,215,1300,1570,1705,FALSE,FALSE,FALSE,,
"e423beea-ea26-4bb7-9d36-11d27aaa7ab3","Morgana Car","モルガナカー","2040288000",3,5,,TRUE,TRUE,150,85,570,690,750,270,1492,1800,1954,FALSE,FALSE,FALSE,,
"d169eaba-5493-45d4-a2f8-966850d784c9","Lu Woh","ル・オー","2040409000",3,6,"12",TRUE,FALSE,100,155,880,1243,,255,1800,2573,,TRUE,FALSE,FALSE,,
"5c007586-588b-4eea-9bc5-d099f94af737","Wilnas","ウィルナス","2040398000",3,2,"12",TRUE,FALSE,100,127,771,1093,,399,2349,3324,,TRUE,FALSE,FALSE,,
"993765cb-2e8c-4583-9d68-db00388e7c8c","Galleon","ガレヲン","2040401000",3,4,"12",TRUE,FALSE,100,142,831,1176,,324,2049,2912,,TRUE,FALSE,FALSE,,
"569ab977-eb12-4715-8c82-cbc76299b5b6","Ewiyar","イーウィヤ","2040406000",3,1,"12",TRUE,FALSE,100,134,812,1151,,365,2145,3035,,TRUE,FALSE,FALSE,,
"83a6dfcb-0b74-4354-948c-2cff49b5b2b9","Fediel","フェディエル","2040418000",3,5,"12",TRUE,FALSE,150,132,810,1149,,374,2154,3044,,TRUE,FALSE,FALSE,,
"a367bfbf-5594-468d-8a27-d0380ed36114","Sanrio Characters","サンリオキャラクターズ☆","2040419000",3,2,,TRUE,FALSE,150,97,,711,,210,,1701,,FALSE,FALSE,FALSE,,
"83a5aeaf-5231-43da-9783-bc01564844c6","Angelie Cascade","カスケードジェリー","2030034000",2,3,,FALSE,FALSE,75,85,495,,,220,1385,,,FALSE,FALSE,FALSE,,
"9ec65ed4-12d3-4a5f-9c57-d173e91c06ab","Clay Golem","クレイゴーレム","2030080000",2,4,,FALSE,FALSE,75,92,530,,,190,1300,,,FALSE,FALSE,FALSE,,
"3e0967f0-3d1b-482f-a409-b72bb8c686ba","Doomworm","グレイブディガー","2030010000",2,4,,FALSE,FALSE,75,90,533,,,185,1140,,,FALSE,FALSE,FALSE,,
"16753cf6-b416-4358-a096-16e1b9bdfe34","Elmenhilde Windsprite","風霊エルメンヒルデ","2030020000",2,1,,FALSE,FALSE,75,87,530,,,215,1270,,,FALSE,FALSE,FALSE,,
"4cbf4e29-ca83-4f2a-a87e-3617a6eac8b5","Elusious Windwyrm","風竜イールシアス","2030033000",2,1,,FALSE,FALSE,75,86,524,,,235,1385,,,FALSE,FALSE,FALSE,,
"0ed19e24-39f0-4e03-b0eb-53fb4bdb456a","Golem","ゴーレム","2030005000",2,4,,FALSE,FALSE,75,96,569,,,165,1025,,,FALSE,FALSE,FALSE,,
"bbdef6ff-b3b8-4907-94ef-798c4a70c25b","Griffin","グリフォン","2030003000",2,1,,FALSE,FALSE,75,82,497,,,215,1250,,,FALSE,FALSE,FALSE,,
"7e90ec70-bba5-4f79-af08-2bde0d23a6c8","Hellhound","ヘルハウンド","2030009000",2,2,,FALSE,FALSE,75,83,505,,,220,1280,,,FALSE,FALSE,FALSE,,
"1b22c482-4deb-4401-8a30-e0c78c1506f1","Hydra","ヒドラ","2030006000",2,2,,FALSE,FALSE,75,80,530,,,210,1285,,,FALSE,FALSE,FALSE,,
"c3e4d025-b63a-4d74-9a72-7aca570c4f5c","Myconid","マイコニド","2030008000",2,4,,FALSE,FALSE,75,88,524,,,185,1115,,,FALSE,FALSE,FALSE,,
"2a0f51b4-ac26-49bf-a1d3-e2b78d14fd37","Pixie","ピクシー","2030028000",2,6,,FALSE,FALSE,75,80,474,,,225,1365,,,FALSE,FALSE,FALSE,,
"ad2827c4-3df4-48f8-9622-a6ff27f45c02","Ruination Gargoyle","ルインガーゴイル","2030025000",2,4,,FALSE,FALSE,75,76,449,,,245,1490,,,FALSE,FALSE,FALSE,,
"8c721be8-8bbe-4f17-be34-72e0ef8b0fd2","Stone Golem","ストーンゴーレム","2030023000",2,4,,FALSE,FALSE,75,92,550,,,180,1120,,,FALSE,FALSE,FALSE,,
"4e61bbe0-105d-404d-92ee-4247d47386ad","Vrazarek Firewyrm","火竜ヴレッザレク","2030022000",2,2,,FALSE,FALSE,75,84,514,,,235,1365,,,FALSE,FALSE,FALSE,,
"675ca8dc-566e-4dba-a2a0-99d2798e2286","Wilinus Icewyrm","氷竜ウィリヌス","2030019000",2,3,,FALSE,FALSE,75,88,516,,,215,1340,,,FALSE,FALSE,FALSE,,
"942fbe70-2ff2-4195-a435-5b526acac37f","Wyvern","ワイバーン","2030007000",2,1,,FALSE,FALSE,75,85,515,,,230,1360,,,FALSE,FALSE,FALSE,,
"86d0b909-c0eb-4307-ad0a-61c716e848c5","Angelie","ジェリー","2020015000",1,3,,FALSE,FALSE,50,52,317,,,145,890,,,FALSE,FALSE,FALSE,,
"94e0fde4-e960-43c2-a9ea-a69da3886855","Belle","風鈴茸","2020033000",1,1,,FALSE,FALSE,50,54,336,,,125,730,,,FALSE,FALSE,FALSE,,
"99215e44-6849-43c2-b02c-4151f5ef4a9f","Bonethorn","ボーンネイル","2020030000",1,4,,FALSE,FALSE,50,58,348,,,115,735,,,FALSE,FALSE,FALSE,,
"3ca2f308-8be9-428e-b303-a458cd064c4f","Cave Bat","ケイブバット","2020022000",1,5,,FALSE,FALSE,50,49,317,,,150,825,,,FALSE,FALSE,FALSE,,
"6b6d248c-5e3c-4514-bbf6-35ca083dbe6c","Crawler","クロウラー","2020035000",1,4,,FALSE,FALSE,50,59,355,,,120,755,,,FALSE,FALSE,FALSE,,
"bfb38856-cd10-4071-9fb7-a1102aabfb1b","Crusher","ランページシェル","2020011000",1,3,,FALSE,FALSE,50,51,310,,,145,870,,,FALSE,FALSE,FALSE,,
"0271eb86-240c-4b84-ab49-571af652eb6f","Dragonflair","雨切蜻蛉","2020010000",1,1,,FALSE,FALSE,50,56,246,,,125,745,,,FALSE,FALSE,FALSE,,
"68cee305-7a2c-4079-81fb-5ea40dbc5e67","Ghost Light","スピリット","2020034000",1,6,,FALSE,FALSE,50,52,315,,,130,790,,,FALSE,FALSE,FALSE,,
"5d612747-0763-45db-ad54-91a63a0078e0","Hornbird","ホーンバード","2020004000",1,1,,FALSE,FALSE,50,52,322,,,140,810,,,FALSE,FALSE,FALSE,,
"a84ea46b-30d7-415d-87bb-157bb4593f89","Imp","インプ","2020029000",1,5,,FALSE,FALSE,50,45,293,,,180,1010,,,FALSE,FALSE,FALSE,,
"225b76ca-7202-41de-968d-a89e3f6d0dd0","Jawfish","マイトフィッシュ","2020016000",1,3,,FALSE,FALSE,50,49,297,,,135,820,,,FALSE,FALSE,FALSE,,
"bf689a68-4c85-4fcd-afbe-045a3a99b696","Lumacie Griffin","ルーマシーグリフォン","2020024000",1,4,,FALSE,FALSE,50,55,331,,,130,820,,,FALSE,FALSE,FALSE,,
"61d81438-10df-4c0d-b079-ff3e06078855","Mandrake","マンドラゴラ","2020013000",1,4,,FALSE,FALSE,50,57,340,,,115,720,,,FALSE,FALSE,FALSE,,
"0b523fb5-ff7d-452d-836a-92a6558566d1","Minotaur","ミノタウロス","2020012000",1,1,,FALSE,FALSE,50,49,160,,,312,915,,,FALSE,FALSE,FALSE,,
"9326058e-40fe-40c6-b9df-8f4742f3f7ee","Purgatorian","辺獄の亡者","2020032000",1,3,,FALSE,FALSE,50,51,304,,,155,1000,,,FALSE,FALSE,FALSE,,
"8e560da4-7873-4c95-93fd-32eab54e6201","Rivacuda","ウラザナ","2020032000",1,3,,FALSE,FALSE,50,55,325,,,135,895,,,FALSE,FALSE,FALSE,,
"284017b6-14c9-4232-becc-296589a7cbf7","Rodfly","ロッド","2020023000",1,1,,FALSE,FALSE,50,54,330,,,120,713,,,FALSE,FALSE,FALSE,,
"321fbf70-51c0-4684-bad8-5eafed87fc20","Skeleton","スケルトン","2020009000",1,5,,FALSE,FALSE,50,43,280,,,175,965,,,FALSE,FALSE,FALSE,,
"0d7396cd-4180-4241-be3a-b323d789a52a","Sleepyhead","スリーピィ","2020014000",1,4,,FALSE,FALSE,50,56,332,,,110,705,,,FALSE,FALSE,FALSE,,
"713a8271-3c72-4e33-87ab-65436c4bad92","Slime","スライム","2020028000",1,3,,FALSE,FALSE,50,,60,356,,100,635,,,FALSE,FALSE,FALSE,,
"b09eceb2-2933-4e65-9fd1-ba916aa9c695","Swordshark","剣鮫","2020017000",1,3,,FALSE,FALSE,50,50,302,,,140,855,,,FALSE,FALSE,FALSE,,
"235b0cbb-fbde-451e-9bc6-44b1d55bd0bd","Twilight Devil","トワイライトフライ","2020031000",1,2,,FALSE,FALSE,50,57,360,,,135,790,,,FALSE,FALSE,FALSE,,
"dee72585-649c-45e3-b2bc-9f6dec216d46","Venom Lancer","メルトランサー","2020025000",1,2,,FALSE,FALSE,50,55,343,,,130,750,,,FALSE,FALSE,FALSE,,
"ee4eb62b-7112-4f9a-8ef8-0a40ff8bc283","Walking Torch","ランニングトーチ","2020027000",1,2,,FALSE,FALSE,50,56,352,,,120,655,,,FALSE,FALSE,FALSE,,
